"시점",전국,수도권,지방,서울,서울,서울,서울,서울,서울,광역시,광역시,광역시,광역시,광역시,광역시,세종,도,도,도,도,도,도,도,도,도
"시점",소계,소계,소계,서울,도심권,동북권,동남권,서북권,서남권,부산,대구,인천,광주,대전,울산,소계,경기,강원,충북,충남,전북,전남,경북,경남,제주
"2006. 01",220.1,304.6,122.2,433.2,480.0,264.6,695.8,380.3,361.1,141.8,164.0,170.7,107.6,174.3,117.7,-,265.4,100.1,115.4,133.5,85.0,70.1,91.9,122.0,108.5
"2006. 02",188.3,265.3,117.7,375.9,490.7,270.8,703.6,336.3,343.8,142.5,162.7,167.9,105.9,171.9,116.0,-,237.5,100.0,116.8,128.1,86.4,70.2,94.2,112.3,100.2
"2006. 03",198.6,276.4,117.2,392.2,506.3,279.5,735.1,356.9,350.8,140.2,158.8,167.6,106.1,159.0,115.0,-,244.4,96.9,116.8,122.0,81.7,70.2,92.9,116.4,101.9
"2006. 04",196.3,263.4,116.0,359.7,500.4,278.9,675.9,341.8,335.4,136.5,160.0,168.5,106.5,167.5,118.4,-,241.4,97.0,108.6,123.5,84.3,70.6,92.8,111.0,100.5
"2006. 05",195.7,258.0,113.7,340.5,495.4,276.9,627.4,347.3,324.5,136.1,155.4,168.5,101.7,159.0,125.1,-,241.3,96.8,107.6,117.1,84.8,70.6,92.8,110.5,96.4
"2006. 06",179.1,239.7,111.6,318.3,452.0,269.6,588.2,328.9,316.9,133.5,156.5,172.0,103.6,148.6,120.2,-,225.3,93.6,119.7,117.7,86.1,74.1,94.4,109.9,115.0
"2006. 07",178.9,235.4,113.7,317.7,446.7,274.0,567.0,320.8,318.5,138.4,157.0,174.2,106.4,150.7,120.4,-,217.5,96.5,125.6,124.8,88.2,74.3,96.1,111.3,109.3
"2006. 08",188.3,238.5,117.6,325.1,458.9,271.1,629.3,345.1,328.4,137.7,157.8,177.8,105.9,150.1,132.0,-,218.0,95.3,124.2,125.9,88.3,76.2,100.0,110.5,115.2
"2006. 09",210.8,259.0,120.1,348.9,470.8,287.0,701.3,366.6,341.7,137.8,157.9,177.4,107.8,157.1,137.0,-,235.8,95.2,120.3,123.6,88.3,74.6,97.9,120.0,114.5
"2006. 10",239.1,288.3,123.5,388.1,514.2,295.3,762.6,366.2,369.5,143.5,159.1,184.8,108.5,166.4,140.7,-,261.6,96.7,115.4,123.6,91.6,75.3,99.6,118.7,117.8
"2006. 11",209.4,263.7,128.3,340.6,504.2,286.3,653.2,330.9,348.7,150.1,163.4,184.1,108.2,167.4,149.7,-,242.8,94.1,118.9,124.6,92.3,75.4,102.1,133.3,117.6
"2006. 12",188.4,260.4,126.9,349.4,474.4,291.4,655.6,348.4,355.6,149.4,163.2,182.4,110.5,162.3,154.2,-,235.3,91.6,114.6,119.4,94.2,75.1,103.3,125.9,116.7
"2007. 01",164.1,240.1,121.9,331.1,466.9,292.3,541.1,337.8,331.8,146.1,158.3,183.0,110.0,153.0,158.9,-,221.2,95.7,113.8,123.4,96.2,81.2,100.2,122.0,110.4
"2007. 02",160.4,241.7,120.2,342.1,504.6,294.6,559.6,337.7,345.6,147.2,156.3,185.0,109.5,142.5,150.4,-,222.0,96.7,115.4,123.4,94.3,80.1,102.3,118.8,111.5
"2007. 03",167.0,245.9,120.6,341.9,504.1,299.9,580.9,362.5,354.1,147.2,156.5,185.2,107.3,144.6,153.2,-,227.8,94.4,112.0,122.2,91.9,78.7,100.5,118.4,108.6
"2007. 04",168.6,250.0,120.4,354.1,557.7,309.0,579.6,353.1,370.5,144.5,155.6,192.5,107.6,152.9,154.6,-,233.1,95.0,111.5,123.3,91.9,78.4,101.8,116.6,111.5
"2007. 05",166.5,254.6,117.9,371.6,539.0,308.5,725.7,333.6,384.0,141.2,154.1,199.3,108.4,144.6,144.8,-,242.4,94.6,108.4,121.1,90.2,77.1,98.4,116.8,123.2
"2007. 06",192.6,270.3,123.6,394.9,567.2,324.8,746.4,368.5,400.3,145.6,158.4,205.1,109.6,156.0,153.7,-,252.5,95.2,116.5,124.2,93.7,79.1,101.7,124.2,110.3
"2007. 07",196.4,270.8,125.4,383.7,529.2,327.7,693.3,390.0,395.5,148.1,159.0,210.7,109.7,151.4,155.5,-,251.9,96.7,111.8,124.1,97.1,82.3,103.8,132.6,110.6
"2007. 08",190.5,272.2,123.3,380.9,589.4,332.1,636.1,370.9,397.3,147.2,159.0,217.0,110.8,149.4,151.2,-,254.4,97.8,111.3,120.4,93.9,80.0,101.6,128.1,116.7
"2007. 09",196.4,283.1,126.0,391.3,562.0,338.1,679.8,383.9,408.6,147.4,158.5,221.7,111.8,151.6,151.7,-,265.2,98.3,112.1,125.4,93.4,81.9,108.6,131.8,122.1
"2007. 10",194.2,290.5,126.5,400.4,546.3,351.3,704.9,401.3,415.6,147.4,159.8,231.4,111.7,152.0,156.8,-,270.6,97.8,111.8,125.3,94.3,84.2,101.7,127.6,122.2
"2007. 11",193.8,300.1,126.5,406.5,619.8,356.3,743.3,427.1,416.7,150.1,158.9,236.9,112.1,151.5,151.2,-,278.5,97.8,111.9,123.6,97.8,83.5,101.6,129.3,121.8
"2007. 12",200.9,312.2,129.5,416.0,568.4,365.4,742.7,429.8,423.8,151.7,160.0,239.8,111.9,159.0,155.6,-,286.6,96.7,114.3,122.2,103.8,83.4,105.8,132.9,116.0
"2008. 01",198.6,311.0,129.4,413.4,586.4,381.6,707.0,427.3,418.4,154.7,158.9,240.6,115.4,158.0,154.8,-,288.3,101.7,120.1,121.2,106.1,87.5,106.8,133.5,111.3
"2008. 02",206.0,317.7,128.7,425.2,588.2,398.3,712.5,440.3,438.2,153.2,158.4,244.4,115.1,152.7,160.5,-,290.0,100.1,117.9,123.6,100.5,89.0,108.3,131.5,117.8
"2008. 03",223.7,328.3,129.8,449.0,558.7,428.2,671.0,455.0,441.5,151.3,159.0,251.3,112.7,151.4,159.9,-,296.4,102.1,119.6,125.3,104.3,86.7,109.0,131.1,118.4
"2008. 04",234.1,337.9,131.1,479.7,618.0,463.3,680.2,464.8,461.2,154.9,158.4,267.0,113.7,151.8,160.7,-,309.2,105.9,117.1,128.7,103.5,86.2,107.8,132.8,120.3
"2008. 05",233.4,337.9,131.5,501.6,653.0,478.6,731.9,473.2,483.9,151.9,162.1,276.6,114.7,155.9,161.9,-,314.9,109.2,116.1,134.0,107.7,91.9,104.6,134.8,111.5
"2008. 06",217.0,335.9,135.0,506.4,619.4,491.4,723.7,482.9,482.1,154.4,160.5,283.7,116.5,154.5,162.3,-,317.1,111.8,122.9,141.0,111.8,93.4,108.6,137.5,128.7
"2008. 07",185.6,330.3,133.1,508.4,610.9,485.4,702.4,483.6,484.1,150.2,159.6,286.1,116.8,152.0,160.5,-,310.6,112.9,122.5,141.7,111.8,90.0,106.8,141.2,120.4
"2008. 08",170.0,327.1,132.6,512.2,658.3,471.5,729.8,478.4,491.4,151.5,161.7,289.0,117.0,147.6,157.8,-,306.4,110.0,114.2,142.7,116.9,89.4,109.1,138.8,108.9
"2008. 09",156.9,323.7,129.8,516.0,594.5,476.6,699.6,464.8,500.3,149.7,154.9,292.5,117.4,148.9,153.0,-,303.3,105.3,113.3,142.4,101.9,90.3,103.5,141.4,120.6
"2008. 10",147.5,315.8,127.7,497.8,563.0,464.5,716.8,455.5,471.1,147.1,155.9,283.6,116.7,144.3,149.9,-,292.4,99.3,107.8,132.4,107.2,90.0,101.9,138.6,113.8
"2008. 11",153.3,333.4,127.3,544.8,618.0,434.0,779.2,447.2,505.3,146.7,153.2,298.4,115.2,150.7,156.1,-,305.9,97.7,113.8,129.8,107.2,94.5,101.8,134.8,119.6
"2008. 12",159.4,343.2,128.0,564.5,617.5,425.6,746.4,467.9,506.6,148.9,156.9,293.1,115.7,155.3,164.2,-,306.1,91.0,106.8,126.1,109.3,88.1,99.5,136.7,119.7
"2009. 01",215.4,376.8,134.2,597.4,642.1,439.0,764.2,434.8,567.0,151.9,153.0,282.8,120.8,158.4,162.2,-,331.3,106.6,120.1,141.7,115.0,93.1,106.2,149.2,117.0
"2009. 02",200.5,364.8,135.2,550.4,624.0,436.1,774.8,441.8,518.0,153.9,151.1,276.5,119.5,159.4,169.0,-,329.2,103.2,119.3,139.5,112.6,94.2,107.8,147.2,118.0
"2009. 03",193.1,350.3,134.3,546.2,616.6,435.1,810.8,474.2,498.1,156.9,153.0,271.3,117.2,158.5,157.9,-,313.4,105.0,116.8,129.5,109.5,95.1,108.3,142.7,131.4
"2009. 04",243.5,372.8,140.1,555.2,651.6,448.2,792.8,506.2,517.5,161.4,158.9,274.8,118.6,169.4,174.7,-,332.4,107.7,115.1,146.6,112.1,97.6,109.4,149.3,122.0
"2009. 05",228.5,353.6,141.4,529.7,631.8,451.8,808.2,504.5,504.3,162.6,157.1,275.3,122.6,170.5,177.8,-,316.9,108.6,123.4,136.8,114.9,94.2,114.9,152.9,137.9
"2009. 06",241.4,383.2,141.9,549.3,639.3,460.6,859.5,499.0,519.4,166.8,161.7,281.3,121.5,172.3,172.0,-,323.8,110.0,122.9,142.4,115.0,94.0,112.0,150.4,124.6
"2009. 07",235.4,374.7,144.5,542.9,659.6,461.8,826.3,507.8,522.0,176.2,160.7,282.5,124.0,175.3,176.5,-,325.1,105.6,128.9,142.6,117.0,95.9,111.4,153.4,136.7
"2009. 08",247.0,382.9,148.9,550.3,692.9,478.9,840.6,518.6,524.4,182.5,163.6,285.5,121.9,175.3,184.5,-,332.1,114.6,129.6,146.9,117.0,100.4,115.8,157.7,137.7
"2009. 09",218.1,361.7,147.8,529.5,717.3,476.2,817.2,500.5,508.5,177.0,164.0,284.5,124.6,175.3,175.1,-,319.1,114.8,127.3,140.4,123.1,101.2,118.4,157.2,130.0
"2009. 10",185.6,340.1,146.8,513.3,659.8,466.5,777.8,499.5,490.1,175.7,162.3,279.5,122.7,175.4,173.7,-,307.0,112.6,124.7,140.2,122.9,102.6,116.9,153.0,136.3
"2009. 11",181.5,344.8,147.3,518.6,680.7,464.6,794.1,490.3,500.1,179.8,160.5,276.3,123.7,179.0,175.3,-,307.0,109.6,129.4,139.1,125.5,105.9,117.2,157.7,145.4
"2009. 12",187.3,361.5,148.1,550.6,705.3,463.7,863.0,488.6,514.8,182.2,161.2,275.9,124.5,185.0,174.4,-,312.7,111.3,125.8,144.2,121.7,102.6,120.0,159.0,135.0
"2010. 01",198.6,377.4,153.7,566.8,697.6,472.6,908.5,501.5,529.6,189.6,163.5,282.5,126.9,188.9,181.1,-,320.2,115.7,135.5,148.6,128.3,108.4,117.7,167.3,144.1
"2010. 02",190.6,350.6,150.7,526.2,713.9,470.7,816.7,484.2,501.1,192.7,160.5,282.3,126.0,183.9,182.4,-,308.4,112.4,127.9,144.6,129.6,106.8,114.4,162.1,141.3
"2010. 03",183.9,332.3,150.5,508.5,673.1,462.3,775.0,482.6,484.8,186.0,159.6,271.9,123.7,180.8,183.1,-,295.6,112.2,125.7,141.5,129.4,104.8,113.5,162.1,144.9
"2010. 04",176.6,319.0,148.5,486.8,653.3,439.5,800.5,480.2,464.9,186.4,156.6,266.7,123.8,182.8,170.1,-,291.2,109.6,126.1,142.8,127.4,103.5,111.8,162.3,144.0
"2010. 05",180.0,318.2,151.0,493.6,646.5,424.5,830.1,471.2,471.1,189.3,158.9,271.0,121.6,181.1,172.3,-,293.0,108.2,130.6,147.4,130.8,106.6,110.6,166.5,138.9
"2010. 06",183.0,320.8,152.7,507.6,660.7,428.6,834.3,469.8,475.0,192.0,160.7,265.0,123.5,187.6,171.1,-,292.5,113.3,133.0,144.0,135.3,108.6,110.9,172.0,142.0
"2010. 07",181.3,317.3,150.7,507.6,627.6,424.8,818.8,483.5,464.6,194.6,159.0,266.2,116.7,197.3,175.8,-,287.3,110.4,131.8,143.8,130.4,110.4,112.7,169.5,147.7
"2010. 08",188.3,316.1,153.8,511.7,638.0,417.6,848.5,506.7,468.5,199.9,160.2,265.6,126.5,196.8,172.9,-,291.3,110.6,132.2,142.3,128.9,114.0,114.4,172.7,149.7
"2010. 09",198.5,319.9,158.8,494.2,615.9,422.3,839.0,480.9,476.6,200.3,162.5,266.8,127.1,200.1,184.5,-,294.5,113.5,134.6,143.3,135.9,111.0,113.4,183.2,145.9
"2010. 10",209.5,331.0,165.1,509.2,660.1,428.3,847.9,482.8,488.4,208.6,164.3,269.6,131.0,209.7,184.9,-,300.4,116.7,141.6,150.7,142.8,117.3,116.7,191.5,151.2
"2010. 11",225.3,359.4,171.7,543.6,666.9,438.0,884.3,489.4,508.9,223.6,168.1,273.1,133.5,220.7,188.4,-,313.8,118.0,145.5,158.4,141.9,117.8,119.1,200.0,163.5
"2010. 12",230.7,367.6,175.0,542.9,648.0,448.2,897.7,494.9,506.1,231.9,171.9,276.8,136.6,227.1,196.8,-,320.1,128.0,148.5,159.5,141.7,125.1,122.8,204.4,158.5
"2011. 01",241.4,359.6,180.2,525.4,661.2,453.5,840.1,503.5,506.2,237.7,178.4,275.4,141.7,229.5,196.8,-,318.6,138.9,161.2,169.2,155.3,123.3,125.2,214.2,161.1
"2011. 02",231.9,347.1,175.1,503.6,729.9,452.5,803.0,483.5,495.7,236.4,180.2,275.8,146.3,230.7,190.8,-,311.8,125.6,150.6,159.4,150.6,124.4,123.3,211.8,145.6
"2011. 03",220.3,332.8,174.6,495.1,661.2,449.4,770.5,480.8,487.0,237.2,178.6,269.8,153.1,232.2,182.5,-,300.5,119.4,150.9,161.0,147.2,121.5,122.2,216.8,166.9
"2011. 04",216.7,326.8,176.3,494.3,684.0,442.0,807.9,456.6,488.9,243.6,183.2,265.6,155.7,227.1,192.1,-,296.0,123.7,154.3,158.4,147.1,122.7,120.1,217.5,179.9
"2011. 05",223.6,329.5,181.0,497.4,659.2,438.0,826.4,473.2,488.3,248.4,186.8,267.0,162.0,246.6,199.1,-,299.7,129.4,163.6,163.0,154.6,119.7,121.1,209.7,171.9
"2011. 06",224.4,331.6,183.0,491.8,634.9,435.8,823.9,458.9,483.9,250.7,189.4,262.5,165.8,240.7,206.1,-,300.7,127.1,165.3,165.5,150.6,129.0,127.2,213.0,176.6
"2011. 07",233.2,340.4,183.8,513.5,656.8,434.7,903.4,500.7,494.5,254.9,195.7,263.4,163.0,235.5,211.7,-,306.2,136.5,166.7,170.6,156.1,131.7,130.1,217.6,170.1
"2011. 08",236.1,335.6,184.6,489.9,662.3,434.3,808.3,492.0,481.6,257.8,197.3,265.8,164.7,228.3,208.9,-,304.1,141.3,170.7,168.3,161.8,132.5,126.3,225.6,191.0
"2011. 09",235.9,329.5,188.4,499.8,663.6,436.9,806.3,500.6,479.8,257.0,201.7,262.6,166.5,230.8,216.8,-,301.4,145.5,168.5,175.1,157.7,134.5,132.1,222.1,187.1
"2011. 10",233.2,333.1,191.8,505.4,647.1,442.6,850.0,500.3,482.4,258.3,203.7,263.3,166.0,241.5,215.2,-,301.9,142.0,172.7,178.3,166.6,136.9,134.3,224.4,183.5
"2011. 11",229.5,335.2,190.6,500.5,662.4,436.9,846.0,482.3,482.3,260.0,203.3,261.4,167.2,233.4,222.9,-,301.0,142.2,170.2,183.5,168.3,133.7,138.7,218.5,184.2
"2011. 12",226.2,340.1,187.2,512.2,652.7,430.3,868.7,504.8,477.7,252.9,208.4,256.3,166.9,235.7,221.1,-,300.9,138.9,175.8,176.6,158.9,133.1,138.6,213.2,178.6
"2012. 01",235.3,334.9,194.3,495.8,645.6,428.9,796.8,505.4,479.4,253.4,212.1,261.0,174.0,242.0,231.3,-,302.6,146.8,183.3,194.7,167.5,139.7,139.7,225.2,184.6
"2012. 02",231.1,325.2,195.3,490.1,607.3,420.5,813.2,485.9,475.3,257.1,209.7,259.1,172.4,237.2,236.3,-,294.8,148.0,180.1,190.6,165.2,135.8,139.2,221.6,176.8
"2012. 03",231.3,319.5,192.1,484.5,634.0,423.5,800.7,457.5,476.1,250.4,208.4,256.8,168.4,234.4,233.4,-,291.5,142.6,174.9,189.5,158.3,134.8,136.2,225.4,191.1
"2012. 04",231.6,318.1,194.6,494.2,610.8,417.4,879.8,471.6,453.8,252.7,210.3,251.7,168.7,226.0,236.7,-,285.9,142.1,175.7,192.2,158.3,133.0,136.5,220.1,179.3
"2012. 05",235.4,323.4,196.2,501.2,659.4,412.4,819.0,514.3,477.9,249.4,213.2,255.8,171.8,230.4,242.8,179.4,290.7,148.2,188.3,187.2,161.5,132.0,135.5,218.0,189.8
"2012. 06",228.4,311.5,194.4,474.5,634.8,400.0,831.9,486.5,457.5,253.1,214.7,250.0,173.5,225.9,239.9,174.1,284.4,149.2,182.1,186.4,159.0,135.5,140.1,205.8,191.5
"2012. 07",224.6,305.0,192.3,468.6,619.4,398.6,841.1,472.1,454.5,250.5,213.5,246.4,171.4,221.0,245.4,175.5,279.0,141.4,180.8,191.2,153.4,130.8,140.6,203.6,184.5
"2012. 08",227.1,302.5,193.9,457.1,609.3,401.3,771.9,453.4,446.4,252.0,216.2,245.2,175.3,225.9,235.6,173.0,277.3,140.7,178.2,189.2,158.5,138.5,144.6,211.4,189.9
"2012. 09",236.8,315.1,200.5,483.0,585.1,402.5,820.7,469.0,456.3,250.2,220.1,247.9,183.0,233.6,237.5,182.5,288.4,149.9,187.2,193.0,163.8,141.3,151.4,215.3,187.7
"2012. 10",241.4,325.5,202.7,487.6,639.8,405.6,813.6,485.5,462.4,257.1,223.3,247.4,181.9,241.2,249.5,188.5,294.6,149.1,185.3,196.4,163.6,141.7,150.2,219.1,191.9
"2012. 11",239.0,325.3,201.5,492.4,624.3,408.6,827.6,482.3,458.4,251.4,225.9,250.3,180.8,237.1,243.9,187.5,292.9,148.8,186.7,198.6,166.2,145.7,149.5,215.3,195.2
"2012. 12",235.7,325.3,199.1,492.2,612.3,402.3,810.4,483.1,459.5,249.9,225.7,250.0,177.5,237.1,250.9,175.7,294.2,145.8,185.3,192.6,152.2,130.4,151.6,215.4,174.4
"2013. 01",240.3,323.6,204.7,491.5,593.4,405.9,807.6,494.8,459.5,251.5,229.6,248.3,183.5,231.9,245.2,195.8,294.2,146.2,196.1,199.9,168.3,143.5,155.0,220.9,180.2
"2013. 02",242.0,325.9,202.6,495.5,617.3,409.4,821.7,506.6,452.7,250.6,228.3,250.0,182.4,235.4,238.4,184.6,294.5,150.0,186.7,194.7,166.0,138.8,154.3,220.2,182.4
"2013. 03",247.9,328.0,205.9,488.2,607.0,410.0,800.7,471.1,461.9,254.0,228.6,251.3,180.2,233.6,242.7,200.2,298.9,150.3,190.4,195.1,162.3,138.9,154.6,224.6,176.6
"2013. 04",252.3,331.2,210.6,482.5,595.6,410.1,842.7,488.0,458.3,260.3,234.8,251.8,183.5,234.0,247.7,199.4,303.4,150.1,193.9,200.3,163.0,141.9,158.9,227.2,183.3
"2013. 05",250.6,326.3,209.6,482.7,594.9,411.8,783.3,506.2,467.0,255.0,236.6,253.2,183.1,241.8,238.8,199.3,298.7,151.5,194.3,201.2,163.7,143.6,164.3,224.7,212.9
"2013. 06",243.2,323.0,204.5,474.2,603.4,410.6,757.6,489.1,445.2,252.6,238.4,253.0,179.3,237.9,235.2,180.7,296.9,149.8,185.9,195.9,161.6,141.0,158.9,222.6,193.6
"2013. 07",247.7,320.1,207.3,450.6,597.3,403.3,717.8,477.3,444.9,253.5,240.5,254.9,185.1,235.4,241.6,168.6,297.9,151.5,194.9,202.7,162.7,141.7,160.8,223.0,191.6
"2013. 08",265.2,333.5,212.0,464.4,617.3,409.7,771.0,488.2,450.0,259.2,250.1,257.8,187.4,240.9,247.1,162.1,312.2,154.2,196.9,208.7,162.5,141.8,166.0,231.9,186.5
"2013. 09",274.3,343.3,218.0,471.6,603.3,418.6,759.4,494.2,458.9,259.6,257.1,258.4,188.7,244.7,256.7,205.0,318.3,156.8,200.2,210.9,170.8,143.7,169.1,234.7,191.9
"2013. 10",267.2,341.4,220.7,482.9,617.3,421.1,768.4,501.6,464.9,264.6,257.8,262.2,194.4,251.9,252.9,204.6,313.7,157.5,200.1,210.2,171.8,146.7,172.4,235.4,204.7
"2013. 11",262.5,345.9,220.3,494.8,638.6,424.0,811.1,496.9,467.8,263.0,267.6,264.8,196.3,253.1,252.7,198.9,312.2,156.8,200.0,220.8,171.8,144.8,172.9,235.3,200.0
"2013. 12",268.6,356.3,218.5,513.9,627.7,428.3,859.0,484.0,470.8,262.5,262.2,266.8,199.1,255.6,250.0,209.7,323.3,156.7,202.4,211.3,165.0,140.2,172.0,235.8,196.6
"2014. 01",276.6,359.2,220.3,511.2,638.4,431.0,823.5,499.2,477.2,267.9,269.5,265.3,195.8,252.1,258.4,212.3,327.3,158.8,200.0,214.5,176.8,141.7,166.7,234.9,200.6
"2014. 02",275.4,354.4,221.2,503.0,618.4,431.0,784.3,518.4,476.6,264.3,262.1,265.4,199.3,246.0,258.9,204.1,321.8,158.7,200.1,215.5,168.3,142.7,169.8,239.6,195.6
"2014. 03",269.2,342.0,222.5,483.8,613.1,427.9,756.2,482.9,464.4,269.1,268.4,264.4,196.7,247.2,262.5,190.4,311.8,153.0,201.8,213.9,164.8,141.4,169.4,237.1,200.5
"2014. 04",261.8,338.9,218.0,485.8,637.4,431.8,797.0,500.2,464.9,265.0,264.7,263.8,196.7,245.1,263.4,185.9,308.9,153.1,196.5,204.3,162.5,140.7,176.6,236.8,196.5
"2014. 05",263.6,338.4,220.6,487.7,600.8,424.2,800.5,496.6,467.7,261.9,268.3,265.3,197.7,243.1,265.5,209.3,313.4,153.8,204.0,211.8,161.3,140.6,175.1,236.9,206.3
"2014. 06",267.8,347.1,222.0,491.9,630.6,426.7,818.4,488.3,476.5,264.4,275.0,267.0,194.3,242.9,268.3,195.8,318.0,156.7,199.0,216.7,161.7,141.5,176.6,241.5,214.7
"2014. 07",275.5,355.6,225.5,501.2,638.0,425.4,825.7,515.0,474.3,270.8,274.9,270.6,202.5,247.2,268.5,195.5,323.7,156.2,200.2,216.8,162.6,140.6,176.5,247.7,207.1
"2014. 08",288.4,360.2,230.5,511.9,651.9,433.5,823.5,524.8,481.6,273.5,282.1,271.9,209.0,247.1,265.2,209.6,330.0,158.8,204.0,219.4,168.6,141.6,182.2,244.7,214.8
"2014. 09",288.9,364.0,230.9,506.2,635.7,431.0,830.6,508.8,483.4,276.7,283.8,272.2,210.3,246.8,270.0,200.0,329.5,158.7,207.3,217.8,164.5,143.5,183.5,247.2,212.0
"2014. 10",281.4,359.1,232.8,506.7,662.6,437.0,793.1,510.3,478.4,271.8,290.1,274.7,208.8,253.8,273.8,210.2,324.0,161.6,213.0,217.7,171.3,144.2,180.1,243.8,223.7
"2014. 11",281.8,361.9,233.1,500.6,636.3,447.0,770.5,514.2,473.6,276.0,296.4,279.6,218.0,248.9,274.2,196.3,328.5,158.4,212.0,209.4,172.2,146.5,183.8,247.0,217.8
"2014. 12",286.2,372.6,233.1,513.1,658.9,444.9,815.4,523.0,478.9,281.3,297.7,283.4,212.5,253.8,276.1,202.9,335.7,155.0,206.9,214.5,176.5,144.1,190.1,240.0,221.5
"2015. 01",292.7,374.8,231.7,507.2,667.5,442.4,796.8,516.3,480.2,281.3,300.2,282.5,214.2,252.2,275.3,210.7,335.0,167.2,206.3,213.1,175.5,147.0,188.8,242.8,233.3
"2015. 02",299.3,378.9,233.1,513.1,658.9,448.2,819.9,533.8,486.0,282.4,302.6,281.4,215.8,252.7,278.5,216.5,336.0,163.5,205.0,217.5,171.3,147.2,191.8,244.2,230.5
"2015. 03",300.5,376.9,234.0,515.9,668.0,448.9,854.3,528.5,489.6,283.4,308.0,282.0,211.9,239.4,276.7,212.1,334.4,169.9,209.6,213.9,169.0,143.4,191.8,240.1,226.6
"2015. 04",298.7,379.4,234.8,523.5,693.0,449.3,861.0,542.3,500.4,284.1,309.5,282.1,216.7,241.0,275.1,212.6,333.4,167.4,204.0,215.8,170.3,145.6,190.1,243.8,244.6
"2015. 05",301.9,382.4,237.2,523.7,697.4,458.0,878.8,540.3,494.7,285.0,313.5,289.4,216.7,245.1,280.0,210.4,336.9,170.2,210.2,216.8,170.5,148.8,186.8,245.9,261.8
"2015. 06",304.4,384.6,235.9,518.6,681.9,456.1,872.6,550.6,501.3,283.2,317.8,286.3,220.0,242.0,282.2,199.7,340.4,168.7,207.0,211.6,167.8,141.8,190.4,248.1,254.5
"2015. 07",310.3,393.0,240.8,523.7,679.3,460.9,850.3,543.5,500.8,294.2,317.7,295.4,221.1,250.1,285.0,217.3,345.3,170.3,200.5,216.9,169.2,144.8,190.9,247.1,261.4
"2015. 08",300.6,384.9,232.5,525.2,699.0,470.5,858.5,546.5,506.2,288.2,315.2,298.2,227.6,249.0,279.7,208.4,337.8,176.0,202.6,209.3,168.1,142.7,191.9,243.8,287.8
"2015. 09",308.7,396.7,238.7,538.7,694.4,470.7,919.2,549.5,526.8,293.1,325.9,303.8,238.0,247.2,292.2,213.0,348.0,179.3,205.1,209.2,171.7,147.0,189.6,246.9,274.9
"2015. 10",309.0,401.5,240.4,560.4,688.4,482.5,927.3,569.6,536.8,298.9,322.5,311.8,229.4,254.3,293.1,217.1,349.0,179.8,204.3,208.4,176.6,150.4,187.1,251.7,329.0
"2015. 11",304.1,405.0,237.1,577.6,722.1,484.3,929.8,567.0,541.9,302.5,310.9,315.4,235.3,257.3,298.4,196.2,351.3,185.1,200.7,209.6,176.1,147.7,185.2,246.8,303.2
"2015. 12",286.7,387.7,229.7,555.6,706.9,485.4,853.4,546.9,537.6,291.3,298.0,304.0,235.8,263.1,295.1,199.1,335.8,183.1,184.5,202.5,176.5,153.1,177.6,236.1,317.9
"2016. 01",288.4,386.1,225.9,542.1,683.1,478.3,874.1,550.3,527.1,295.1,302.5,304.0,231.9,253.0,295.2,211.2,336.0,189.5,198.7,204.7,177.2,154.1,173.7,234.2,329.5
"2016. 02",292.6,392.1,228.5,540.9,687.9,475.6,881.8,529.5,541.1,292.9,308.2,303.8,239.5,254.5,292.8,235.6,343.5,184.3,194.4,204.6,175.4,149.2,173.7,238.6,315.5
"2016. 03",297.1,393.9,227.0,548.8,719.6,478.6,971.2,551.7,525.9,296.2,301.4,298.1,230.8,247.2,291.8,221.4,342.2,191.4,200.1,197.7,172.5,150.1,173.7,234.2,338.6
"2016. 04",317.1,416.7,231.8,590.9,706.4,493.6,1011.9,569.0,558.0,304.6,297.7,306.0,230.6,250.4,300.3,212.1,359.1,192.8,200.0,199.1,170.4,151.3,172.1,237.0,337.3
"2016. 05",327.4,420.2,230.0,595.1,730.8,492.7,996.0,577.4,558.5,311.8,290.5,309.1,228.9,255.4,290.4,214.4,364.8,187.7,194.8,196.7,170.6,151.1,170.1,233.9,329.6
"2016. 06",343.0,433.0,238.1,593.1,739.3,496.6,932.2,592.7,576.5,319.0,300.6,314.0,228.6,259.7,294.2,311.7,375.5,197.2,196.5,201.3,181.7,149.9,168.4,235.3,335.9
"2016. 07",341.5,426.6,244.8,582.5,741.7,503.4,882.8,600.4,554.7,328.8,302.8,319.0,235.4,257.1,297.2,353.0,376.5,197.0,195.2,203.7,175.2,155.3,179.1,241.6,351.5
"2016. 08",335.6,424.2,247.1,598.6,756.2,506.8,923.6,614.6,575.8,334.4,311.9,317.2,241.2,263.7,303.9,342.1,374.4,195.7,201.3,205.2,183.7,155.9,177.3,247.2,367.6
"2016. 09",341.3,433.6,251.3,602.1,757.2,515.5,907.0,624.7,582.3,334.7,325.1,322.4,240.8,267.4,317.3,356.7,383.8,200.2,197.7,204.4,181.3,164.0,180.3,251.7,361.1
"2016. 10",338.0,435.4,258.5,608.1,759.6,525.5,895.5,641.6,583.5,338.6,319.7,330.1,247.9,272.0,318.7,370.8,384.4,198.7,206.9,205.9,191.3,167.4,188.3,256.7,360.4
"2016. 11",311.8,417.3,251.5,588.0,765.6,525.9,818.2,635.7,576.5,324.7,313.1,334.4,244.1,273.4,317.9,373.0,373.5,196.5,197.3,210.1,187.0,159.5,187.5,253.0,353.7
"2016. 12",303.0,409.8,245.5,592.0,752.7,519.6,941.5,630.6,570.6,327.5,306.8,332.7,250.0,268.4,306.9,353.0,365.1,194.0,204.1,204.7,188.5,159.3,179.6,249.3,371.5
"2017. 01",302.4,412.8,245.3,594.2,749.9,508.0,979.4,644.4,560.0,324.3,300.1,321.4,247.1,274.2,294.9,343.4,370.8,203.5,207.9,214.5,194.2,158.4,184.8,247.7,369.6
"2017. 02",305.9,419.2,241.9,610.5,814.3,520.8,991.1,633.1,582.8,325.4,301.8,320.2,240.1,261.5,306.1,336.5,367.9,202.2,194.6,203.8,191.5,163.6,181.7,241.9,356.7
"2017. 03",319.2,427.7,241.5,619.4,825.4,525.8,974.1,647.9,598.2,328.6,306.1,320.2,241.9,257.6,306.0,345.9,370.6,198.5,200.6,200.0,182.5,167.6,179.4,243.2,363.0
"2017. 04",335.7,450.2,241.7,651.9,826.1,538.7,1012.3,669.9,600.7,342.4,303.4,323.9,244.7,255.8,294.0,365.3,384.9,197.9,198.0,199.7,180.5,168.2,174.0,238.2,360.3
"2017. 05",371.3,490.2,247.1,684.4,829.6,548.1,1024.0,699.2,630.2,339.2,313.7,322.9,247.7,259.9,296.2,384.5,404.4,200.7,196.9,200.6,182.5,167.1,175.3,241.5,356.3
"2017. 06",364.5,464.8,255.2,633.4,804.4,551.1,985.4,681.1,616.0,341.7,334.1,334.0,248.8,264.6,300.2,394.3,403.9,204.6,199.0,203.2,179.6,169.7,176.6,241.5,371.1
"2017. 07",383.4,492.0,258.7,657.5,798.2,558.5,1036.9,698.5,637.9,336.5,352.3,338.3,251.2,268.7,301.7,396.1,412.0,202.7,201.3,208.2,181.0,175.7,186.5,240.8,366.7
"2017. 08",323.8,419.5,256.5,622.6,769.1,548.8,974.4,664.8,603.7,335.9,334.1,342.8,252.3,275.6,316.7,369.9,385.0,200.1,200.7,205.9,184.1,166.8,190.8,245.4,345.4
"2017. 09",333.0,446.2,250.7,687.9,845.4,569.8,1111.1,707.3,638.1,330.1,327.2,342.9,258.9,280.3,310.7,362.7,395.8,204.8,202.7,212.8,192.8,169.4,184.7,242.1,352.0
"2017. 10",334.1,454.4,250.2,706.0,848.3,571.0,1069.4,718.2,668.7,331.6,320.8,336.4,256.4,277.2,311.1,373.8,396.0,199.2,195.9,209.8,192.2,176.3,182.0,243.5,354.2
"2017. 11",340.6,481.8,250.5,749.7,866.6,591.0,1159.0,737.8,701.3,341.2,327.5,337.1,264.0,277.0,300.0,364.9,399.1,196.6,201.0,210.5,191.5,172.5,182.7,240.6,350.3
"2017. 12",359.2,523.7,255.3,753.8,916.7,606.1,1092.5,750.5,701.6,350.0,330.9,329.3,271.0,292.4,305.4,383.5,417.9,203.1,201.0,211.8,198.1,172.4,183.0,237.4,358.9
"2018. 01",391.0,550.7,251.8,733.5,865.9,595.2,1060.1,764.8,693.7,350.0,338.9,334.3,260.6,284.6,294.2,373.6,445.9,199.7,204.7,205.2,190.7,176.7,175.3,233.7,345.4
"2018. 02",376.2,503.6,258.0,670.3,851.2,587.9,993.1,724.0,663.9,352.4,347.9,336.4,267.1,278.7,291.1,415.5,435.5,201.9,201.9,209.4,190.2,172.6,178.1,234.2,362.8
"2018. 03",346.1,463.6,250.5,643.2,903.2,574.0,1015.5,682.6,645.4,342.2,334.7,335.8,258.9,279.8,298.7,412.7,409.7,197.8,194.8,198.3,190.3,173.4,176.7,230.8,359.2
"2018. 04",311.9,427.7,238.4,644.9,929.8,571.9,1059.1,682.1,635.5,316.2,328.0,323.7,261.4,271.5,287.2,408.9,387.2,196.0,189.9,200.1,183.5,161.7,166.7,225.4,333.3
"2018. 05",316.8,434.9,241.5,647.9,884.1,570.1,1041.9,686.9,651.0,319.2,328.4,331.0,259.2,267.3,268.3,416.0,389.0,195.1,183.8,196.6,179.2,177.3,166.7,229.5,350.1
"2018. 06",328.3,449.7,241.8,662.3,904.7,578.9,1061.2,706.5,671.5,325.3,325.0,331.3,262.4,276.7,291.8,394.9,399.2,191.7,190.4,196.6,186.7,175.2,173.2,219.7,348.3
"2018. 07",352.1,491.5,237.0,720.8,1000.1,600.7,1342.9,728.1,714.4,319.8,321.8,333.0,256.2,276.1,292.1,407.4,411.5,187.4,184.4,196.5,175.5,176.5,167.0,216.7,358.5
"2018. 08",437.7,545.1,249.9,736.4,995.4,610.1,1248.4,772.1,715.5,322.2,335.4,342.9,267.2,309.6,272.1,386.2,465.5,189.1,192.8,196.1,185.2,178.3,171.5,221.2,353.9
"2018. 09",380.7,460.1,262.2,734.4,972.3,643.6,1176.9,757.2,670.9,353.1,350.1,356.9,274.6,309.7,290.0,391.2,430.1,198.9,192.0,203.7,189.2,185.6,178.2,231.1,376.5
"2018. 10",318.6,408.7,252.1,718.2,885.2,659.8,1066.0,716.4,682.5,337.4,338.7,347.1,254.3,306.2,290.8,384.8,390.5,191.7,192.5,211.0,186.0,179.5,164.8,234.1,348.2
"2018. 11",299.5,393.0,245.9,719.0,976.4,643.5,1071.7,710.4,676.7,329.6,317.5,338.4,254.0,297.9,280.0,410.6,375.1,184.4,189.2,217.6,183.9,183.2,164.5,221.6,353.6
"2018. 12",294.6,383.4,238.9,707.8,925.1,652.3,1152.8,701.8,680.9,319.3,320.7,335.0,250.0,288.3,272.4,404.0,365.0,190.8,182.3,206.8,188.4,180.0,170.1,222.2,345.7
"2019. 01",283.7,372.2,235.6,708.6,911.7,641.5,1183.8,688.7,689.7,326.8,311.0,330.5,251.8,282.4,276.5,385.9,349.0,179.4,187.1,206.2,183.4,187.4,155.7,222.6,334.5
"2019. 02",273.3,361.5,231.3,728.2,1038.6,658.5,1193.1,755.3,690.6,322.9,300.1,322.5,244.8,272.5,264.3,378.5,341.7,179.0,183.4,202.5,177.2,183.7,148.4,223.6,329.8
"2019. 03",281.7,367.6,230.3,738.6,961.8,643.1,1470.7,763.5,667.8,329.6,306.2,324.1,243.3,268.8,271.2,375.5,342.7,177.1,176.7,206.3,174.1,175.2,163.6,223.5,319.4
"2019. 04",289.5,393.0,235.0,824.4,1089.1,670.6,1429.3,778.6,764.3,321.3,304.5,321.3,245.7,286.2,277.0,388.9,353.3,183.4,180.1,198.6,176.6,182.2,153.1,214.8,344.9
"2019. 05",306.2,438.1,240.1,910.9,1085.4,685.6,1537.4,883.8,836.7,331.1,310.9,324.6,247.5,289.4,281.4,390.1,373.6,176.9,176.5,207.0,176.4,186.0,162.0,222.3,331.5
"2019. 06",336.4,522.0,245.4,960.4,1141.8,719.3,1515.6,941.6,891.0,335.5,326.3,329.6,258.9,295.1,296.0,447.0,407.8,178.9,178.1,211.9,176.9,181.3,166.4,223.4,353.0
"2019. 07",354.6,561.6,251.8,933.5,1205.3,721.5,1443.0,972.7,867.3,335.4,323.8,334.5,253.3,300.4,300.5,436.8,424.0,173.4,176.6,212.4,181.5,179.0,175.5,233.8,366.2
"2019. 08",341.3,507.5,258.7,884.0,1150.4,742.1,1367.5,941.8,847.4,343.7,330.1,340.4,266.4,310.0,302.8,427.2,411.0,177.3,185.5,220.9,180.2,183.4,173.9,235.6,342.1
"2019. 09",347.2,516.7,259.0,921.4,1237.2,728.4,1459.0,966.0,836.4,351.9,337.2,346.9,268.7,306.3,308.1,441.3,414.1,182.2,195.2,228.3,182.2,180.8,180.4,226.8,347.5
"2019. 10",376.6,562.3,273.0,928.8,1171.1,750.9,1413.9,977.0,881.0,376.9,335.7,361.4,268.5,312.2,330.9,471.9,442.3,188.2,212.0,231.8,180.7,187.3,185.9,255.1,340.9
"2019. 11",402.8,562.7,304.3,935.7,1153.4,774.3,1400.5,997.8,887.7,431.8,355.5,380.2,272.0,328.0,327.6,508.9,460.9,191.7,233.5,250.7,196.3,188.0,194.2,266.1,362.5
"2019. 12",383.1,513.3,285.4,883.4,1159.1,749.9,1341.2,996.0,863.8,382.7,352.8,376.8,275.2,323.8,322.4,517.2,445.8,195.4,224.9,247.4,212.2,188.6,192.4,243.2,343.4
"2020. 01",372.9,476.5,273.2,809.8,1112.5,732.8,1176.2,887.1,817.1,366.7,347.1,389.8,283.5,305.4,324.6,443.5,430.7,193.4,207.3,229.0,198.4,198.1,194.3,246.0,356.6
"2020. 02",371.1,452.1,265.5,822.1,1138.7,740.9,1291.5,883.2,832.7,363.7,340.2,383.6,271.3,306.4,325.9,506.8,417.7,190.9,206.4,215.8,199.9,193.8,195.1,241.2,344.3
"2020. 03",328.0,411.7,245.9,803.1,1054.3,740.5,1279.0,838.0,802.2,348.2,324.2,347.0,268.8,297.7,315.5,492.8,380.4,187.5,193.7,208.4,180.3,190.9,166.9,230.8,329.5
"2020. 04",306.1,388.5,243.9,809.1,1095.7,732.1,1507.8,783.0,797.6,341.6,322.8,337.5,261.9,283.0,294.7,451.3,365.9,184.1,206.3,207.7,176.6,188.4,172.1,223.5,328.5
"2020. 05",330.2,435.7,266.6,904.3,1262.2,758.3,1571.0,905.8,871.8,354.9,331.9,348.2,270.4,319.2,325.7,514.1,400.1,190.9,255.7,220.8,184.5,194.8,202.7,240.0,343.4
"2020. 06",412.7,543.7,304.2,982.6,1260.6,826.5,1589.5,1010.2,961.2,432.1,360.6,365.9,287.9,370.9,367.2,630.5,452.6,211.4,216.7,253.1,205.0,203.7,216.9,298.9,359.6
"2020. 07",392.5,577.5,290.9,1010.2,1289.5,886.2,1473.7,1018.1,988.6,401.1,371.0,344.1,281.9,341.8,351.2,701.2,465.0,200.0,188.1,233.5,188.3,196.1,194.9,273.0,382.8
"2020. 08",351.6,512.5,278.9,1082.6,1428.9,956.3,1595.3,1088.1,1023.3,388.9,371.8,347.7,288.3,364.1,325.9,731.0,440.4,195.8,189.1,221.1,182.3,199.2,183.3,242.1,348.2
"2020. 09",346.9,486.7,288.3,1084.4,1349.0,967.9,1624.7,1059.0,1019.3,409.2,384.3,354.8,295.5,354.2,345.5,465.0,435.1,192.3,193.1,226.0,188.7,195.1,192.7,263.5,350.5
"2020. 10",365.7,486.7,314.8,1059.7,1409.7,941.5,1564.9,1090.4,1018.2,424.5,395.5,351.0,335.5,367.1,361.9,479.0,450.6,199.7,203.9,225.8,196.6,188.9,200.7,280.1,377.8
"2020. 11",367.5,550.2,315.1,1151.6,1416.9,1009.2,1807.4,1237.7,1078.2,366.5,395.2,375.4,350.7,410.0,350.8,547.2,494.4,203.8,241.7,247.2,202.5,200.1,250.2,293.3,371.9
"2020. 12",356.8,582.7,272.1,1209.1,1471.8,1044.3,1884.0,1236.6,1148.7,311.9,354.7,409.9,303.2,377.0,300.4,534.8,506.1,223.9,239.4,247.9,204.2,201.7,219.3,247.2,364.6
"2021. 01",353.4,552.7,254.3,1187.8,1415.6,1053.2,1883.0,1285.9,1135.0,329.1,335.4,406.0,272.5,377.0,279.8,472.5,488.6,222.0,241.4,223.6,174.5,193.2,198.3,237.5,343.4
"2021. 02",340.7,503.9,250.8,1161.4,1427.3,1024.0,1860.1,1185.1,1118.6,333.1,353.3,394.8,278.7,375.2,264.4,511.1,467.2,213.1,227.2,218.8,175.0,190.1,197.6,229.6,362.5
