연도,회차,로또 당첨번호,보너스,순위,당첨자수,1인당 당첨금액
2021,960회,2 18 24 30 32 45,14,1등,10명,2401133213
2021,959회,1 14 15 24 40 41,35,1등,8명,3015312891
2021,958회,2 9 10 16 35 37,1,1등,15명,1596119675
2021,957회,4 15 24 35 36 40,1,1등,11명,2126634137
2021,956회,10 11 20 21 25 41,40,1등,11명,2022982671
2021,955회,4 9 23 26 29 33,8,1등,12명,2023170188
2021,954회,1 9 26 28 30 41,32,1등,10명,2478795900
2021,953회,7 9 22 27 37 42,34,1등,14명,1640636009
2021,952회,4 12 22 24 33 41,38,1등,9명,2713699834
2021,951회,2 12 30 31 39 43,38,1등,14명,1747552661
2021,950회,3 4 15 22 28 40,10,1등,8명,3281920500
2021,949회,14 21 35 36 40 44,30,1등,10명,2458569713
2021,948회,13 18 30 31 38 41,5,1등,11명,2188548716
2021,947회,3 8 17 20 27 35,26,1등,18명,1275855750
2021,946회,9 18 19 30 34 40,20,1등,11명,2157656182
2021,945회,9 10 15 30 33 37,26,1등,13명,1765554491
2021,944회,2 13 16 19 32 33,42,1등,13명,1961836356
2020,943회,1 8 13 36 44 45,39,1등,7명,3435045108
2020,942회,10 12 18 35 42 43,39,1등,6명,3761680313
2020,941회,12 14 25 27 39 40,35,1등,16명,1347297422
2020,940회,3 15 20 22 24 41,11,1등,8명,2846071079
2020,939회,4 11 28 39 42 45,6,1등,13명,1708363039
2020,938회,4 8 10 16 31 36,9,1등,10명,2249466563
2020,937회,2 10 13 22 29 40,26,1등,11명,2058420819
2020,936회,7 11 13 17 18 29,43,1등,14명,1492069179
2020,935회,4 10 20 32 38 44,18,1등,13명,1711055424
2020,934회,1 3 30 33 36 39,12,1등,4명,5765772844
2020,933회,23 27 29 31 36 45,37,1등,8명,2927797079
2020,932회,1 6 15 36 37 38,5,1등,7명,3390022983
2020,931회,14 15 23 25 35 43,32,1등,8명,2957108063
2020,930회,8 21 25 38 39 44,28,1등,8명,2832418829
2020,929회,7 9 12 15 19 23,4,1등,16명,1308035157
2020,928회,3 4 10 20 28 44,30,1등,7명,3134591358
2020,927회,4 15 22 38 41 43,26,1등,6명,3714203875
2020,926회,10 16 18 20 25 31,6,1등,10명,2032490663
2020,925회,13 24 32 34 39 42,4,1등,12명,1771080532
2020,924회,3 11 34 42 43 44,13,1등,9명,2382430667
2020,923회,3 17 18 23 36 41,26,1등,8명,2667554625
2020,922회,2 6 13 17 27 43,36,1등,6명,3417904500
2020,921회,5 7 12 22 28 41,1,1등,17명,1232573405
2020,920회,2 3 26 33 34 43,29,1등,7명,3120260197
2020,919회,9 14 17 18 42 44,35,1등,5명,4305150450
2020,918회,7 11 12 31 33 38,5,1등,18명,1117622646
2020,917회,1 3 23 24 27 43,34,1등,10명,2144799638
2020,916회,6 21 22 32 35 36,17,1등,11명,2025384341
2020,915회,2 6 11 13 22 37,14,1등,6명,3518640500
2020,914회,16 19 24 33 42 44,27,1등,11명,1950005557
2020,913회,6 14 16 21 27 37,40,1등,16명,1338755602
2020,912회,5 8 18 21 22 38,10,1등,14명,1493500581
2020,911회,4 5 12 14 32 42,35,1등,10명,2113538625
2020,910회,1 11 17 27 35 39,31,1등,21명,941316375
2020,909회,7 24 29 30 34 35,33,1등,11명,2021062875
2020,908회,3 16 21 22 23 44,30,1등,8명,2834856141
2020,907회,21 27 29 38 40 44,37,1등,7명,3165059036
2020,906회,2 5 14 28 31 32,20,1등,9명,2472607250
2020,905회,3 4 16 27 38 40,20,1등,7명,3017862536
2020,904회,2 6 8 26 43 45,11,1등,8명,2718077813
2020,903회,2 15 16 21 22 28,45,1등,13명,1684582212
2020,902회,7 19 23 24 36 39,30,1등,13명,1619317529
2020,901회,5 18 20 23 30 34,21,1등,9명,2267974667
2020,900회,7 13 16 18 35 38,14,1등,6명,3349851375
2020,899회,8 19 20 21 33 39,37,1등,6명,3359356063
2020,898회,18 21 28 35 37 42,17,1등,8명,2639313235
2020,897회,6 7 12 22 26 36,29,1등,13명,1619922520
2020,896회,5 12 25 26 38 45,23,1등,7명,3053222036
2020,895회,16 26 31 38 39 41,23,1등,12명,1928079219
2020,894회,19 32 37 40 41 43,45,1등,9명,2377935959
2020,893회,1 15 17 23 25 41,10,1등,9명,2377433625
2020,892회,4 9 17 18 26 42,36,1등,17명,1282017464
2019,891회,9 13 28 31 39 41,19,1등,7명,3082673947
2019,890회,1 4 14 18 29 37,6,1등,9명,2335486167
2019,889회,3 13 29 38 39 42,26,1등,10명,2108986950
2019,888회,3 7 12 31 34 38,32,1등,8명,2370359204
2019,887회,8 14 17 27 36 45,10,1등,8명,2535268688
2019,886회,19 23 28 37 42 45,2,1등,7명,2974643786
2019,885회,1 3 24 27 39 45,31,1등,13명,1543832568
2019,884회,4 14 23 28 37 45,17,1등,12명,1799077282
2019,883회,9 18 32 33 37 44,22,1등,15명,1360519525
2019,882회,18 34 39 43 44 45,23,1등,5명,4127270400
2019,881회,4 18 20 26 27 32,9,1등,8명,2503212282
2019,880회,7 17 19 23 24 45,38,1등,7명,2837810465
2019,879회,1 4 10 14 15 35,20,1등,6명,3206361313
2019,878회,2 6 11 16 25 31,3,1등,6명,3207993500
2019,877회,5 17 18 22 23 43,12,1등,12명,1716607188
2019,876회,5 16 21 26 34 42,24,1등,19명,1090657856
2019,875회,19 22 30 34 39 44,36,1등,14명,1415946724
2019,874회,1 15 19 23 28 42,32,1등,18명,1117123917
2019,873회,3 5 12 13 33 39,38,1등,10명,1874553225
2019,872회,2 4 30 32 33 43,29,1등,16명,1262705579
2019,871회,2 6 12 26 30 34,38,1등,7명,2718071358
2019,870회,21 25 30 32 40 42,31,1등,10명,1928842988
2019,869회,2 6 20 27 37 39,4,1등,10명,1922582588
2019,868회,12 17 28 41 43 44,25,1등,6명,3233804250
2019,867회,14 17 19 22 24 40,41,1등,5명,3933755250
2019,866회,9 15 29 34 37 39,12,1등,9명,2240409000
2019,865회,3 15 22 32 33 45,2,1등,13명,1551729145
2019,864회,3 7 10 13 25 36,32,1등,11명,1716553637
2019,863회,16 21 28 35 39 43,12,1등,7명,2853357322
2019,862회,10 34 38 40 42 43,32,1등,9명,2190922709
2019,861회,11 17 19 21 22 25,24,1등,4명,4872108844
2019,860회,4 8 18 25 27 32,42,1등,10명,1879899825
2019,859회,8 22 35 38 39 41,24,1등,11명,1853927489
2019,858회,9 13 32 38 39 43,23,1등,9명,2202347459
2019,857회,6 10 16 28 34 38,43,1등,15명,1284915425
2019,856회,10 24 40 41 43 44,17,1등,5명,3977927550
2019,855회,8 15 17 19 43 44,7,1등,9명,2269510500
2019,854회,20 25 31 32 36 43,3,1등,6명,3421706750
2019,853회,2 8 23 26 27 44,13,1등,7명,2885006786
2019,852회,11 17 28 30 33 35,9,1등,4명,4801543407
2019,851회,14 18 22 26 31 44,40,1등,8명,2483692313
2019,850회,16 20 24 28 36 39,5,1등,6명,3377587875
2019,849회,5 13 17 29 34 39,3,1등,17명,1158252883
2019,848회,1 2 16 22 38 39,34,1등,7명,3011580858
2019,847회,12 16 26 28 30 42,22,1등,8명,2520846657
2019,846회,5 18 30 41 43 45,13,1등,13명,1596884395
2019,845회,1 16 29 33 40 45,6,1등,11명,1891217182
2019,844회,7 8 13 15 33 45,18,1등,18명,1162963542
2019,843회,19 21 30 33 34 42,4,1등,5명,4012970100
2019,842회,14 26 32 36 39 42,38,1등,10명,2035475025
2019,841회,5 11 14 30 33 38,24,1등,17명,1116095714
2019,840회,2 4 11 28 29 43,27,1등,10명,2042961788
2018,839회,3 9 11 12 13 19,35,1등,13명,1359454904
2018,838회,9 14 17 33 36 38,20,1등,5명,3813733050
2018,837회,2 25 28 30 33 45,6,1등,6명,3144449125
2018,836회,1 9 11 14 26 28,19,1등,14명,1257843670
2018,835회,9 10 13 28 38 45,35,1등,15명,1233681125
2018,834회,6 8 18 35 42 43,3,1등,11명,1690693671
2018,833회,12 18 30 39 41 42,19,1등,8명,2356317282
2018,832회,13 14 19 26 40 43,30,1등,9명,2088204584
2018,831회,3 10 16 19 31 39,9,1등,16명,1110702258
2018,830회,5 6 16 18 37 38,17,1등,9명,2060528750
2018,829회,4 5 31 35 43 45,29,1등,8명,2444650641
2018,828회,4 7 13 29 31 39,18,1등,13명,1455185972
2018,827회,5 11 12 29 33 44,14,1등,15명,1206500375
2018,826회,13 16 24 25 33 36,42,1등,9명,2075192084
2018,825회,8 15 21 31 33 38,42,1등,12명,1658710563
2018,824회,7 9 24 29 34 38,26,1등,15명,1256646550
2018,823회,12 18 24 26 39 40,15,1등,9명,2009843917
2018,822회,9 18 20 24 27 36,12,1등,3명,5930898625
2018,821회,1 12 13 24 29 44,16,1등,14명,1316155956
2018,820회,10 21 22 30 35 42,6,1등,4명,4627313532
2018,819회,16 25 33 38 40 45,15,1등,7명,2594534840
2018,818회,14 15 25 28 29 30,3,1등,13명,1380804318
2018,817회,3 9 12 13 25 43,34,1등,9명,1868477334
2018,816회,12 18 19 29 31 39,7,1등,8명,2128107938
2018,815회,17 21 25 26 27 36,4,1등,7명,2579855358
2018,814회,2 21 28 38 42 45,30,1등,6명,3067192063
2018,813회,11 30 34 35 42 44,27,1등,4명,4591763157
2018,812회,1 3 12 14 16 43,10,1등,6명,2947954750
2018,811회,8 11 19 21 36 45,25,1등,7명,2524148197
2018,810회,5 10 13 21 39 43,11,1등,8명,2231598047
2018,809회,6 11 15 17 23 40,39,1등,6명,2921372750
2018,808회,15 21 31 32 41 43,24,1등,6명,3087620500
2018,807회,6 10 18 25 34 35,33,1등,7명,2437662322
2018,806회,14 20 23 31 37 38,27,1등,7명,2640760875
2018,805회,3 12 13 18 31 32,42,1등,4명,4266061969
2018,804회,1 10 13 26 32 36,9,1등,11명,1631996523
2018,803회,5 9 14 26 30 43,2,1등,5명,3663810225
2018,802회,10 11 12 18 24 42,27,1등,16명,1082947993
2018,801회,17 25 28 37 43 44,2,1등,8명,2256786657
2018,800회,1 4 10 12 28 45,26,1등,11명,1632246205
2018,799회,12 17 23 34 42 45,33,1등,10명,1826427225
2018,798회,2 10 14 22 32 36,41,1등,7명,2710791911
2018,797회,5 22 31 32 39 45,36,1등,8명,2397028125
2018,796회,1 21 26 36 40 41,5,1등,7명,2763490340
2018,795회,3 10 13 26 34 38,36,1등,11명,1714977000
2018,794회,6 7 18 19 30 38,13,1등,7명,2650940304
2018,793회,10 15 21 35 38 43,31,1등,5명,3750146775
2018,792회,2 7 19 25 29 36,16,1등,7명,2655736768
2018,791회,2 10 12 31 33 42,32,1등,14명,1253081893
2018,790회,3 8 19 27 30 41,12,1등,16명,1160516274
2018,789회,2 6 7 12 19 45,38,1등,15명,1140976825
2018,788회,2 10 11 19 35 39,29,1등,13명,1401475154
2017,787회,5 6 13 16 27 28,9,1등,6명,3092108313
2017,786회,12 15 16 20 24 30,38,1등,4명,4551365250
2017,785회,4 6 15 25 26 33,40,1등,6명,2886622688
2017,784회,3 10 23 24 31 39,22,1등,9명,1908678000
2017,783회,14 15 16 17 38 45,36,1등,4명,4603964625
2017,782회,6 18 31 34 38 45,20,1등,9명,1946487625
2017,781회,11 16 18 19 24 39,43,1등,9명,1882891542
2017,780회,15 17 19 21 27 45,16,1등,11명,1667520137
2017,779회,6 12 19 24 34 41,4,1등,11명,1527709296
2017,778회,6 21 35 36 37 41,11,1등,3명,6264069500
2017,777회,6 12 17 21 34 37,18,1등,21명,833468036
2017,776회,8 9 18 21 28 40,20,1등,7명,2557579393
2017,775회,11 12 29 33 38 42,17,1등,5명,3470437650
2017,774회,12 15 18 28 34 42,9,1등,11명,1709721512
2017,773회,8 12 19 21 31 35,44,1등,11명,1609403080
2017,772회,5 6 11 14 21 41,32,1등,10명,1769608838
2017,771회,6 10 17 18 21 29,30,1등,4명,4362644907
2017,770회,1 9 12 23 39 43,34,1등,8명,2163099329
2017,769회,5 7 11 16 41 45,4,1등,9명,1930760042
2017,768회,7 27 29 30 38 44,4,1등,13명,1363572260
2017,767회,5 15 20 31 34 42,22,1등,15명,1163768725
2017,766회,9 30 34 35 39 41,21,1등,8명,2173637297
2017,765회,1 3 8 12 42 43,33,1등,15명,1109214250
2017,764회,7 22 24 31 34 36,15,1등,7명,2459975465
2017,763회,3 8 16 32 34 43,10,1등,8명,2138130000
2017,762회,1 3 12 21 26 41,16,1등,10명,1631432063
2017,761회,4 7 11 24 42 45,30,1등,7명,2392730518
2017,760회,10 22 27 31 42 43,12,1등,8명,2253299391
2017,759회,9 33 36 40 42 43,32,1등,6명,3032670500
2017,758회,5 9 12 30 39 43,24,1등,8명,2078969954
2017,757회,6 7 11 17 33 44,1,1등,21명,739839858
2017,756회,10 14 16 18 27 28,4,1등,5명,3414434700
2017,755회,13 14 26 28 30 36,37,1등,8명,2214427266
2017,754회,2 8 17 24 29 31,32,1등,5명,3427542000
2017,753회,2 17 19 24 37 41,3,1등,6명,2711105063
2017,752회,4 16 20 33 40 43,7,1등,9명,1870358834
2017,751회,3 4 16 20 28 44,17,1등,8명,2097968110
2017,750회,1 2 15 19 24 36,12,1등,7명,2522104286
2017,749회,12 14 24 26 34 45,41,1등,13명,1350104395
2017,748회,3 10 13 22 31 32,29,1등,9명,1928246542
2017,747회,7 9 12 14 23 28,17,1등,9명,1903214584
2017,746회,3 12 33 36 42 45,25,1등,9명,2038623709
2017,745회,1 2 3 9 12 23,10,1등,20명,746822982
2017,744회,10 15 18 21 34 41,43,1등,15명,1155411575
2017,743회,15 19 21 34 41 44,10,1등,7명,2608641000
2017,742회,8 10 13 36 37 40,6,1등,16명,1111814813
2017,741회,5 21 27 34 44 45,16,1등,6명,3043595938
2017,740회,4 8 9 16 17 19,31,1등,18명,936929792
2017,739회,7 22 29 33 34 35,30,1등,4명,4744122282
2017,738회,23 27 28 38 42 43,36,1등,11명,1634191091
2017,737회,13 15 18 24 27 41,11,1등,4명,4283061000
2017,736회,2 11 17 18 21 27,6,1등,5명,3397362225
2016,735회,5 10 13 27 37 41,4,1등,10명,1847231588
2016,734회,6 16 37 38 41 45,18,1등,9명,1949395500
2016,733회,11 24 32 33 35 40,13,1등,4명,4016725125
2016,732회,2 4 5 17 27 32,43,1등,7명,2203270608
2016,731회,2 7 13 25 42 45,39,1등,7명,2340471054
2016,730회,4 10 14 15 18 22,39,1등,8명,2017382110
2016,729회,11 17 21 26 36 45,16,1등,4명,4198250719
2016,728회,3 6 10 30 34 37,36,1등,5명,3243464400
2016,727회,7 8 10 19 21 31,20,1등,14명,1115107742
2016,726회,1 11 21 23 34 44,24,1등,14명,1166872634
2016,725회,6 7 19 21 41 43,38,1등,11명,1579217250
2016,724회,2 8 33 35 37 41,14,1등,12명,1427789813
2016,723회,20 30 33 35 36 44,22,1등,8명,2114365360
2016,722회,12 14 21 30 39 43,45,1등,4명,4365422719
2016,721회,1 28 35 41 43 44,31,1등,8명,2273767360
2016,720회,1 12 29 34 36 37,41,1등,14명,1233770358
2016,719회,4 8 13 19 20 43,26,1등,9명,1879581334
2016,718회,4 11 20 23 32 39,40,1등,17명,926166464
2016,717회,2 11 19 25 28 32,44,1등,6명,2702433688
2016,716회,2 6 13 16 29 30,21,1등,12명,1358752157
2016,715회,2 7 27 33 41 44,10,1등,6명,2605510438
2016,714회,1 7 22 33 37 40,20,1등,7명,2085131733
2016,713회,2 5 15 18 19 23,44,1등,9명,1714720917
2016,712회,17 20 30 31 33 45,19,1등,4명,4034485125
2016,711회,11 15 24 35 37 45,42,1등,7명,2277413358
2016,710회,3 4 9 24 25 33,10,1등,5명,2895441150
2016,709회,10 18 30 36 39 44,32,1등,14명,1165271625
2016,708회,2 10 16 19 34 45,1,1등,4명,4099552219
2016,707회,2 12 19 24 39 44,35,1등,12명,1322167313
2016,706회,3 4 6 10 28 30,37,1등,4명,3831746063
2016,705회,1 6 17 22 28 45,23,1등,4명,3987206532
2016,704회,1 4 8 23 33 42,45,1등,4명,3865190344
2016,703회,10 28 31 33 41 44,21,1등,5명,3235784100
2016,702회,3 13 16 24 26 29,9,1등,11명,1465091387
2016,701회,3 10 14 16 36 38,35,1등,10명,1583183175
2016,700회,11 23 28 29 30 44,13,1등,8명,2082099188
2016,699회,4 5 8 16 21 29,3,1등,8명,1995411375
2016,698회,3 11 13 21 33 37,18,1등,8명,1921084125
2016,697회,2 5 8 11 33 39,31,1등,10명,1531443038
2016,696회,1 7 16 18 34 38,21,1등,10명,1632054413
2016,695회,4 18 26 33 34 38,14,1등,11명,1450214830
2016,694회,7 15 20 25 33 43,12,1등,10명,1555036388
2016,693회,1 6 11 28 34 42,30,1등,10명,1642763813
2016,692회,3 11 14 15 32 36,44,1등,7명,2301273697
2016,691회,15 27 33 35 43 45,16,1등,6명,2839296750
2016,690회,24 25 33 34 38 39,43,1등,15명,1126507625
2016,689회,7 17 19 30 36 38,34,1등,7명,2321775911
2016,688회,5 15 22 23 34 35,2,1등,9명,1967536750
2016,687회,1 8 10 13 28 42,45,1등,6명,2720029313
2016,686회,7 12 15 24 25 43,13,1등,8명,1937531719
2016,685회,6 7 12 28 38 40,18,1등,11명,1494367671
2016,684회,1 11 15 17 25 39,40,1등,9명,1688815709
2016,683회,6 13 20 27 28 40,15,1등,16명,1010930883
2015,682회,17 23 27 35 38 43,2,1등,4명,4063713563
2015,681회,21 24 27 29 43 44,7,1등,6명,2696328938
2015,680회,4 10 19 29 32 42,30,1등,14명,1110570563
2015,679회,3 5 7 14 26 34,35,1등,5명,2863005600
2015,678회,4 5 6 12 25 37,45,1등,6명,2288490188
2015,677회,12 15 24 36 41 44,42,1등,8명,1921114407
2015,676회,1 8 17 34 39 45,27,1등,8명,1879726500
2015,675회,1 8 11 15 18 45,7,1등,4명,3514549032
2015,674회,9 10 14 25 27 31,11,1등,8명,1770565500
2015,673회,7 10 17 29 33 44,5,1등,10명,1491453300
2015,672회,8 21 28 31 36 45,43,1등,9명,1754745000
2015,671회,7 9 10 13 31 35,24,1등,4명,3722322844
2015,670회,11 18 26 27 40 41,25,1등,12명,1191725219
2015,669회,7 8 20 29 33 38,9,1등,6명,2708173188
2015,668회,12 14 15 24 27 32,3,1등,5명,2991158625
2015,667회,15 17 25 37 42 43,13,1등,7명,2228764393
2015,666회,2 4 6 11 17 28,16,1등,6명,2396901063
2015,665회,5 6 11 17 38 44,13,1등,4명,3643230375
2015,664회,10 20 33 36 41 44,5,1등,10명,1536801338
2015,663회,3 5 8 19 38 42,20,1등,7명,2080244143
2015,662회,5 6 9 11 15 37,26,1등,8명,1689733688
2015,661회,2 3 12 20 27 38,40,1등,8명,1713025547
2015,660회,4 9 23 33 39 44,14,1등,10명,1421272575
2015,659회,7 18 19 27 29 42,45,1등,11명,1336604216
2015,658회,8 19 25 28 32 36,37,1등,9명,1634031375
2015,657회,10 14 19 39 40 43,23,1등,9명,1694762792
2015,656회,3 7 14 16 31 40,39,1등,2명,7330002750
2015,655회,7 37 38 39 40 44,18,1등,9명,1661439625
2015,654회,16 21 26 31 36 43,6,1등,8명,1879301391
2015,653회,5 6 26 27 38 39,1,1등,14명,980958670
2015,652회,3 13 15 40 41 44,20,1등,5명,3003483525
2015,651회,11 12 16 26 29 44,18,1등,8명,1855306454
2015,650회,3 4 7 11 31 41,35,1등,5명,2849298900
2015,649회,3 21 22 33 41 42,20,1등,5명,2948042100
2015,648회,13 19 28 37 38 43,4,1등,7명,2120987947
2015,647회,5 16 21 23 24 30,29,1등,7명,2189725608
2015,646회,2 9 24 41 43 45,30,1등,7명,2215498393
2015,645회,1 4 16 26 40 41,31,1등,4명,3696297750
2015,644회,5 13 17 23 28 36,8,1등,8명,1831451204
2015,643회,15 24 31 32 33 40,13,1등,6명,2535763625
2015,642회,8 17 18 24 39 45,32,1등,12명,1251460438
2015,641회,11 18 21 36 37 43,12,1등,8명,1990074563
2015,640회,14 15 18 21 26 35,23,1등,9명,1728768834
2015,639회,6 15 22 23 25 32,40,1등,4명,4061185219
2015,638회,7 18 22 24 31 34,6,1등,7명,2229403179
2015,637회,3 16 22 37 38 44,23,1등,4명,3899241094
2015,636회,6 7 15 16 20 31,26,1등,8명,1832362219
2015,635회,11 13 25 26 29 33,32,1등,8명,1855587235
2015,634회,4 10 11 12 20 27,38,1등,13명,1077935106
2015,633회,9 12 19 20 39 41,13,1등,12명,1217257094
2015,632회,15 18 21 32 35 44,6,1등,11명,1432587716
2015,631회,1 2 4 23 31 34,8,1등,4명,3919853532
2014,630회,8 17 21 24 27 31,15,1등,3명,4836305500
2014,629회,19 28 31 38 43 44,1,1등,5명,2919433575
2014,628회,1 7 12 15 23 42,11,1등,9명,1499942875
2014,627회,2 9 22 25 31 45,12,1등,10명,1352230650
2014,626회,13 14 26 33 40 43,15,1등,8명,1717871110
2014,625회,3 6 7 20 21 39,13,1등,5명,2765184675
2014,624회,1 7 19 26 27 35,16,1등,5명,2763729450
2014,623회,7 13 30 39 41 45,25,1등,8명,1813702594
2014,622회,9 15 16 21 28 34,24,1등,9명,1630598292
2014,621회,1 2 6 16 19 42,9,1등,6명,2359723500
2014,620회,2 16 17 32 39 45,40,1등,7명,2028283233
2014,619회,6 8 13 30 35 40,21,1등,3명,4612479375
2014,618회,8 16 25 30 42 43,15,1등,5명,2881326225
2014,617회,4 5 11 12 24 27,28,1등,8명,1629701860
2014,616회,5 13 18 23 40 45,3,1등,9명,1611811250
2014,615회,10 17 18 19 23 27,35,1등,9명,1535062417
2014,614회,8 21 25 39 40 44,18,1등,6명,2540975438
2014,613회,7 8 11 16 41 44,35,1등,9명,1549831209
2014,612회,6 9 18 19 25 33,40,1등,11명,1181705250
2014,611회,2 22 27 33 36 37,14,1등,4명,3502706157
2014,610회,14 18 20 23 28 36,33,1등,4명,3516018375
2014,609회,4 8 27 34 39 40,13,1등,2명,6339311438
2014,608회,4 8 18 19 39 44,41,1등,7명,1943530018
2014,607회,8 14 23 36 38 39,13,1등,4명,3494480907
2014,606회,1 5 6 14 20 39,22,1등,10명,1311566850
2014,605회,1 2 7 9 10 38,42,1등,9명,1394232250
2014,604회,2 6 18 21 33 34,30,1등,11명,1229141557
2014,603회,2 19 25 26 27 43,28,1등,4명,3452136563
2014,602회,13 14 22 27 30 38,2,1등,8명,1689530860
2014,601회,2 16 19 31 34 35,37,1등,9명,1524565209
2014,600회,5 11 14 27 29 36,44,1등,15명,901798725
2014,599회,5 12 17 29 34 35,27,1등,8명,1710918329
2014,598회,4 12 24 33 38 45,22,1등,16명,833998594
2014,597회,8 10 23 24 35 43,37,1등,13명,1057920606
2014,596회,3 4 12 14 25 43,17,1등,10명,1328267663
2014,595회,8 24 28 35 38 40,5,1등,8명,1744525219
2014,594회,2 8 13 25 28 37,3,1등,11명,1255592796
2014,593회,9 10 13 24 33 38,28,1등,9명,1532833500
2014,592회,2 5 6 13 28 44,43,1등,6명,2356381688
2014,591회,8 13 14 30 38 39,5,1등,5명,2964676200
2014,590회,20 30 36 38 41 45,23,1등,7명,2185183983
2014,589회,6 8 28 33 38 39,22,1등,7명,2136877983
2014,588회,2 8 15 22 25 41,30,1등,5명,2889342075
2014,587회,14 21 29 31 32 37,17,1등,3명,4974577375
2014,586회,2 7 12 15 21 34,5,1등,8명,1778354344
2014,585회,6 7 10 16 38 41,4,1등,9명,1620546334
2014,584회,7 18 30 39 40 41,36,1등,3명,5033183250
2014,583회,8 17 27 33 40 44,24,1등,11명,1341848353
2014,582회,2 12 14 33 40 41,25,1등,4명,3560558719
2014,581회,3 5 14 20 42 44,33,1등,8명,1844554547
2014,580회,5 7 9 11 32 35,33,1등,7명,2028610500
2014,579회,5 7 20 22 37 42,39,1등,11명,1396068444
2013,578회,5 12 14 32 34 42,16,1등,5명,2796466575
2013,577회,16 17 22 31 34 37,33,1등,3명,4484438375
2013,576회,10 11 15 25 35 41,13,1등,3명,4321966000
2013,575회,2 8 20 30 33 34,6,1등,8명,1699267875
2013,574회,14 15 16 19 25 43,2,1등,2명,6965184938
2013,573회,2 4 20 34 35 43,14,1등,8명,1645691766
2013,572회,3 13 18 33 37 45,1,1등,8명,1668216188
2013,571회,11 18 21 26 38 43,29,1등,7명,1966538465
2013,570회,1 12 26 27 29 33,42,1등,9명,1527791625
2013,569회,3 6 13 23 24 35,1,1등,4명,3467925188
2013,568회,1 3 17 20 31 44,40,1등,10명,1305167550
2013,567회,1 10 15 16 32 41,28,1등,6명,2318659438
2013,566회,4 5 6 25 26 43,41,1등,4명,3508951032
2013,565회,4 10 18 27 40 45,38,1등,8명,1742064469
2013,564회,14 19 25 26 27 34,2,1등,7명,1934801143
2013,563회,5 10 16 17 31 32,21,1등,7명,1932735643
2013,562회,4 11 13 17 20 31,33,1등,11명,1166694614
2013,561회,5 7 18 37 42 45,20,1등,5명,2753712225
2013,560회,1 4 20 23 29 45,28,1등,7명,1976697215
2013,559회,11 12 25 32 44 45,23,1등,7명,1926145608
2013,558회,12 15 19 26 40 43,29,1등,10명,1315913663
2013,557회,4 20 26 28 35 40,31,1등,7명,1888069286
2013,556회,12 20 23 28 30 44,43,1등,7명,2005209161
2013,555회,11 17 21 24 26 36,12,1등,8명,1711027360
2013,554회,13 14 17 32 41 42,6,1등,2명,6813893625
2013,553회,2 7 17 28 29 39,37,1등,6명,2249631438
2013,552회,1 10 20 32 35 40,43,1등,10명,1330824225
2013,551회,3 6 20 24 27 44,25,1등,1명,13526973750
2013,550회,1 7 14 20 34 37,41,1등,11명,1118679205
2013,549회,29 31 35 38 40 44,17,1등,8명,1760805047
2013,548회,1 12 13 21 32 45,14,1등,8명,1736871891
2013,547회,6 7 15 22 34 39,28,1등,5명,2838444450
2013,546회,8 17 20 27 37 43,6,1등,30명,405939950
2013,545회,4 24 25 27 34 35,2,1등,11명,1198994353
2013,544회,5 17 21 25 36 44,10,1등,13명,1046388433
2013,543회,13 18 26 31 34 44,12,1등,12명,1112934844
2013,542회,5 6 19 26 41 45,34,1등,6명,2335152563
2013,541회,8 13 26 28 32 34,43,1등,11명,1269327171
2013,540회,3 12 13 15 34 36,14,1등,7명,1989365250
2013,539회,3 19 22 31 42 43,26,1등,9명,1621036667
2013,538회,6 10 18 31 32 34,11,1등,3명,4688021625
2013,537회,12 23 26 30 36 43,11,1등,7명,2104038911
2013,536회,7 8 18 32 37 43,12,1등,11명,1308523603
2013,535회,11 12 14 15 18 39,34,1등,3명,4935603000
2013,534회,10 24 26 29 37 38,32,1등,1명,14215763250
2013,533회,9 14 15 17 31 33,23,1등,8명,1785671579
2013,532회,16 17 23 24 29 44,3,1등,7명,2216896286
2013,531회,1 5 9 21 27 35,45,1등,9명,1521519750
2013,530회,16 23 27 29 33 41,22,1등,11명,1231656239
2013,529회,18 20 24 27 31 42,39,1등,8명,1749114797
2013,528회,5 17 25 31 39 40,10,1등,11명,1197889125
2013,527회,1 12 22 32 33 42,38,1등,13명,1032386366
2012,526회,7 14 17 20 35 39,31,1등,9명,1491031959
2012,525회,11 23 26 29 39 44,22,1등,9명,1501132375
2012,524회,10 11 29 38 41 45,21,1등,4명,3491695594
2012,523회,1 4 37 38 40 45,7,1등,7명,1780355840
2012,522회,4 5 13 14 37 41,11,1등,6명,2281623000
2012,521회,3 7 18 29 32 36,19,1등,8명,1693420922
2012,520회,4 22 27 28 38 40,1,1등,6명,2167205438
2012,519회,6 8 13 16 30 43,3,1등,7명,1950601393
2012,518회,14 23 30 32 34 38,6,1등,6명,2263804125
2012,517회,1 9 12 28 36 41,10,1등,5명,2659057725
2012,516회,2 8 23 41 43 44,30,1등,11명,1294190182
2012,515회,2 11 12 15 23 37,8,1등,1명,13200466875
2012,514회,1 15 20 26 35 42,9,1등,3명,4451055500
2012,513회,5 8 21 23 27 33,12,1등,3명,4589624750
2012,512회,4 5 9 13 26 27,1,1등,13명,940094452
2012,511회,3 7 14 23 26 42,24,1등,6명,2165579250
2012,510회,12 29 32 33 39 40,42,1등,5명,2644158150
2012,509회,12 25 29 35 42 43,24,1등,5명,2689076100
2012,508회,5 27 31 34 35 43,37,1등,8명,1599557860
2012,507회,12 13 32 33 40 41,4,1등,9명,1416438875
2012,506회,6 9 11 22 24 30,31,1등,3명,4073333875
2012,505회,7 20 22 25 38 40,44,1등,6명,1917955188
2012,504회,6 14 22 26 43 44,31,1등,9명,1443236959
2012,503회,1 5 27 30 34 36,40,1등,7명,1853634911
2012,502회,6 22 28 32 34 40,26,1등,6명,2201458125
2012,501회,1 4 10 17 31 42,2,1등,4명,3025200094
2012,500회,3 4 12 20 24 34,41,1등,9명,1351072375
2012,499회,5 20 23 27 35 40,43,1등,3명,4070480250
2012,498회,13 14 24 32 39 41,3,1등,4명,3244503094
2012,497회,19 20 23 24 43 44,13,1등,6명,2222817813
2012,496회,4 13 20 29 36 41,39,1등,4명,3285932250
2012,495회,4 13 22 27 34 44,6,1등,6명,2111645000
2012,494회,5 7 8 15 30 43,22,1등,12명,1054588407
2012,493회,20 22 26 33 36 37,25,1등,9명,1451120334
2012,492회,22 27 31 35 37 40,42,1등,5명,2493013800
2012,491회,8 17 35 36 39 42,4,1등,4명,3304634438
2012,490회,2 7 26 29 40 43,42,1등,7명,1860234161
2012,489회,2 4 8 15 20 27,11,1등,6명,2106360625
2012,488회,2 8 17 30 31 38,25,1등,10명,1330393575
2012,487회,4 8 25 27 37 41,21,1등,8명,1638830766
2012,486회,1 2 23 25 38 40,43,1등,13명,1008634125
2012,485회,17 22 26 27 36 39,20,1등,9명,1501474917
2012,484회,1 3 27 28 32 45,11,1등,6명,2305303063
2012,483회,12 15 19 22 28 34,5,1등,5명,2567196675
2012,482회,1 10 16 24 25 35,43,1등,7명,1897921179
2012,481회,3 4 23 29 40 41,20,1등,3명,4639355750
2012,480회,3 5 10 17 30 31,16,1등,4명,2996742282
2012,479회,8 23 25 27 35 44,24,1등,6명,2233046500
2012,478회,18 29 30 37 39 43,8,1등,14명,987224759
2012,477회,14 25 29 32 33 45,37,1등,8명,1919011829
2012,476회,9 12 13 15 37 38,27,1등,4명,3439851469
2012,475회,1 9 14 16 21 29,3,1등,8명,1693923047
2011,474회,4 13 18 31 33 45,43,1등,15명,936690800
2011,473회,8 13 20 22 23 36,34,1등,4명,3250418063
2011,472회,16 25 26 31 36 43,44,1등,7명,1809656090
2011,471회,6 13 29 37 39 41,43,1등,7명,1939332858
2011,470회,10 16 20 39 41 42,27,1등,3명,4333330625
2011,469회,4 21 22 34 37 38,33,1등,4명,3330131250
2011,468회,8 13 15 28 37 43,17,1등,9명,1527197167
2011,467회,2 12 14 17 24 40,39,1등,9명,1435441084
2011,466회,4 10 13 23 32 44,20,1등,9명,1530313459
2011,465회,1 8 11 13 22 38,31,1등,7명,1923662893
2011,464회,6 12 15 34 42 44,4,1등,13명,3355721106
2011,463회,23 29 31 33 34 44,40,1등,0명,0
2011,462회,3 20 24 32 37 45,4,1등,8명,1483559297
2011,461회,11 18 26 31 37 40,43,1등,6명,1948674875
2011,460회,8 11 28 30 43 45,41,1등,4명,3180895782
2011,459회,4 6 10 14 25 40,12,1등,7명,1655842233
2011,458회,4 9 10 32 36 40,18,1등,8명,1608812625
2011,457회,8 10 18 23 27 40,33,1등,10명,1159902825
2011,456회,1 7 12 18 23 27,44,1등,7명,1598505054
2011,455회,4 19 20 26 30 35,24,1등,7명,1635711483
2011,454회,13 25 27 34 38 41,10,1등,7명,1609125590
2011,453회,12 24 33 38 40 42,30,1등,5명,2262732375
2011,452회,8 10 18 30 32 34,27,1등,9명,1276902000
2011,451회,12 15 20 24 30 38,29,1등,13명,882138952
2011,450회,6 14 19 21 23 31,13,1등,6명,1990391625
2011,449회,3 10 20 26 35 43,36,1등,3명,4059715250
2011,448회,3 7 13 27 40 41,36,1등,3명,4026212750
2011,447회,2 7 8 9 17 33,34,1등,4명,2657941125
2011,446회,1 11 12 14 26 35,6,1등,3명,4051247625
2011,445회,13 20 21 30 39 45,32,1등,7명,1791683036
2011,444회,11 13 23 35 43 45,17,1등,3명,4154188625
2011,443회,4 6 10 19 20 44,14,1등,9명,1327597584
2011,442회,25 27 29 36 38 40,41,1등,9명,1413413042
2011,441회,1 23 28 30 34 35,9,1등,4명,3170417063
2011,440회,10 22 28 34 36 44,2,1등,6명,1995873000
2011,439회,17 20 30 31 37 40,25,1등,6명,1900077375
2011,438회,6 12 20 26 29 38,45,1등,9명,1377142167
2011,437회,11 16 29 38 41 44,21,1등,6명,2096245438
2011,436회,9 14 20 22 33 34,28,1등,8명,1512266579
2011,435회,8 16 26 30 38 45,42,1등,10명,1287550013
2011,434회,3 13 20 24 33 37,35,1등,8명,1480060266
2011,433회,19 23 29 33 35 43,27,1등,11명,1182294410
2011,432회,2 3 5 11 27 39,33,1등,5명,2299427550
2011,431회,18 22 25 31 38 45,6,1등,10명,1268434013
2011,430회,1 3 16 18 30 34,44,1등,8명,1611763219
2011,429회,3 23 28 34 39 42,16,1등,9명,1485904709
2011,428회,12 16 19 22 37 40,8,1등,9명,1437683209
2011,427회,6 7 15 24 28 30,21,1등,1명,12571445625
2011,426회,4 17 18 27 39 43,19,1등,4명,3057233625
2011,425회,8 10 14 27 33 38,3,1등,8명,1534833000
2011,424회,10 11 26 31 34 44,30,1등,10명,1109480813
2011,423회,1 17 27 28 29 40,5,1등,3명,3896153875
2011,422회,8 15 19 21 34 44,12,1등,6명,2205251375
2010,421회,6 11 26 27 28 44,30,1등,5명,2321144325
2010,420회,4 9 10 29 31 34,27,1등,8명,1424856375
2010,419회,2 11 13 14 28 30,7,1등,3명,3796490750
2010,418회,11 13 15 26 28 34,31,1등,8명,1435649766
2010,417회,4 5 14 20 22 43,44,1등,4명,2818329938
2010,416회,5 6 8 11 22 26,44,1등,10명,1072037100
2010,415회,7 17 20 26 30 40,24,1등,8명,1334182407
2010,414회,2 14 15 22 23 44,43,1등,1명,11703832500
2010,413회,2 9 15 23 34 40,3,1등,4명,2814673500
2010,412회,4 7 39 41 42 45,40,1등,7명,1656199822
2010,411회,11 14 22 35 37 39,5,1등,12명,953227563
2010,410회,1 3 18 32 40 41,16,1등,9명,1249335709
2010,409회,6 9 21 31 32 40,38,1등,4명,2896989750
2010,408회,9 20 21 22 30 37,16,1등,5명,2235375825
2010,407회,6 7 13 16 24 25,1,1등,7명,1649707286
2010,406회,7 12 21 24 27 36,45,1등,5명,2156142450
2010,405회,1 2 10 25 26 44,4,1등,3명,3543878000
2010,404회,5 20 21 24 33 40,36,1등,3명,3566659375
2010,403회,10 14 22 24 28 37,26,1등,5명,2122396875
2010,402회,5 9 15 19 22 36,32,1등,4명,2662206188
2010,401회,6 12 18 31 38 43,9,1등,9명,1168214792
2010,400회,9 21 27 34 41 43,2,1등,4명,2669834325
2010,399회,1 2 9 17 19 42,20,1등,8명,1276854975
2010,398회,10 15 20 23 42 44,7,1등,4명,2680625550
2010,397회,12 13 17 22 25 33,8,1등,3명,3499519700
2010,396회,18 20 31 34 40 45,30,1등,2명,5296622400
2010,395회,11 15 20 26 31 35,7,1등,7명,1534635000
2010,394회,1 13 20 22 25 28,15,1등,1명,10654349100
2010,393회,9 16 28 40 41 43,21,1등,8명,1362003975
2010,392회,1 3 7 8 24 42,43,1등,6명,1713528700
2010,391회,10 11 18 22 28 39,30,1등,1명,10508749800
2010,390회,16 17 28 37 39 40,15,1등,1명,10373997900
2010,389회,7 16 18 20 23 26,3,1등,5명,2119027020
2010,388회,1 8 9 17 29 32,45,1등,4명,2545543875
2010,387회,1 26 31 34 40 43,20,1등,4명,2675533500
2010,386회,4 7 10 19 31 40,26,1등,10명,1042953330
2010,385회,7 12 19 21 29 32,9,1등,7명,1542032700
2010,384회,11 22 24 32 36 38,7,1등,3명,3658734200
2010,383회,4 15 28 33 37 40,25,1등,3명,3596522100
2010,382회,10 15 22 24 27 42,19,1등,6명,1846674900
2010,381회,1 5 10 12 16 20,11,1등,19명,565738895
2010,380회,1 2 8 17 26 37,27,1등,4명,2684274825
2010,379회,6 10 22 31 35 40,19,1등,7명,1598999786
2010,378회,5 22 29 31 34 39,43,1등,5명,2317698240
2010,377회,6 22 29 37 43 45,23,1등,3명,3912085400
2010,376회,1 11 13 24 28 40,7,1등,6명,1956915800
2010,375회,4 8 19 25 27 45,7,1등,7명,1581284058
2010,374회,11 13 15 17 25 34,26,1등,2명,5528717850
2010,373회,15 26 37 42 43 45,9,1등,4명,2791801125
2010,372회,8 11 14 16 18 21,13,1등,9명,1192593200
2010,371회,7 9 15 26 27 42,18,1등,7명,1524130543
2010,370회,16 18 24 42 44 45,17,1등,7명,1678941943
2009,369회,17 20 35 36 41 43,21,1등,6명,1842177750
2009,368회,11 21 24 30 39 45,26,1등,7명,1465825115
2009,367회,3 22 25 29 32 44,19,1등,7명,1581736586
2009,366회,5 12 19 26 27 44,38,1등,2명,5351553900
2009,365회,5 15 21 25 26 30,31,1등,1명,10697716800
2009,364회,2 5 7 14 16 40,4,1등,4명,2531914800
2009,363회,11 12 14 21 32 38,6,1등,4명,2615910600
2009,362회,2 3 22 27 30 40,29,1등,6명,1729424650
2009,361회,5 10 16 24 27 35,33,1등,7명,1473115115
2009,360회,4 16 23 25 35 40,27,1등,3명,3566716200
2009,359회,1 10 19 20 24 40,23,1등,8명,1286712600
2009,358회,1 9 10 12 21 40,37,1등,3명,3472654900
2009,357회,10 14 18 21 36 37,5,1등,2명,5313394350
2009,356회,2 8 14 25 29 45,24,1등,9명,1157185267
2009,355회,5 8 29 30 35 44,38,1등,5명,2145424800
2009,354회,14 19 36 43 44 45,1,1등,5명,2124464340
2009,353회,11 16 19 22 29 36,26,1등,2명,5290838250
2009,352회,5 16 17 20 26 41,24,1등,6명,1732858250
2009,351회,5 25 27 29 34 36,33,1등,4명,2583357150
2009,350회,1 8 18 24 29 33,35,1등,9명,1101052467
2009,349회,5 13 14 20 24 25,36,1등,3명,3353209000
2009,348회,3 14 17 20 24 31,34,1등,3명,3299994000
2009,347회,3 8 13 27 32 42,10,1등,7명,1456624286
2009,346회,5 13 14 22 44 45,33,1등,5명,2017727340
2009,345회,15 20 23 29 39 42,2,1등,2명,5203577550
2009,344회,1 2 15 28 34 45,38,1등,7명,1467106543
2009,343회,1 10 17 29 31 43,15,1등,6명,1717153000
2009,342회,1 13 14 33 34 43,25,1등,3명,3454095800
2009,341회,1 8 19 34 39 43,41,1등,7명,1497207772
2009,340회,18 24 26 29 34 38,32,1등,7명,1439393186
2009,339회,6 8 14 21 30 37,45,1등,9명,1096778334
2009,338회,2 13 34 38 42 45,16,1등,3명,3383431000
2009,337회,1 5 14 18 32 37,4,1등,8명,1257500513
2009,336회,3 5 20 34 35 44,16,1등,6명,1685632650
2009,335회,5 9 16 23 26 45,21,1등,5명,2037492480
2009,334회,13 15 21 29 39 43,33,1등,7명,1523002972
2009,333회,5 14 27 30 39 43,35,1등,7명,1550987143
2009,332회,16 17 34 36 42 45,3,1등,8명,1359448388
2009,331회,4 9 14 26 31 44,39,1등,5명,2165902620
2009,330회,3 4 16 17 19 20,23,1등,9명,1162280200
2009,329회,9 17 19 30 35 42,4,1등,6명,1830391200
2009,328회,1 6 9 16 17 28,24,1등,6명,1819795900
2009,327회,6 12 13 17 32 44,24,1등,12명,882674750
2009,326회,16 23 25 33 36 39,40,1등,6명,1832134550
2009,325회,7 17 20 32 44 45,33,1등,6명,1806122450
2009,324회,2 4 21 25 33 36,17,1등,6명,1865130350
2009,323회,10 14 15 32 36 42,3,1등,8명,1461025388
2009,322회,9 18 29 32 38 43,20,1등,6명,1904544700
2009,321회,12 18 20 21 25 34,42,1등,6명,1959136100
2009,320회,16 19 23 25 41 45,3,1등,2명,5513067900
2009,319회,5 8 22 28 33 42,37,1등,5명,2135659380
2009,318회,2 17 19 20 34 45,21,1등,9명,1207436600
2008,317회,3 10 11 22 36 39,8,1등,4명,2576258550
2008,316회,10 11 21 27 31 39,43,1등,6명,1673586400
2008,315회,1 13 33 35 43 45,23,1등,8명,1308728625
2008,314회,15 17 19 34 38 41,2,1등,6명,1660512200
2008,313회,9 17 34 35 43 45,2,1등,6명,1715422800
2008,312회,2 3 5 6 12 20,25,1등,15명,629017820
2008,311회,4 12 24 27 28 32,10,1등,8명,1237691063
2008,310회,1 5 19 28 34 41,16,1등,8명,1296713325
2008,309회,1 2 5 11 18 36,22,1등,11명,901622946
2008,308회,14 15 17 19 37 45,40,1등,1명,10232872800
2008,307회,5 15 21 23 25 45,12,1등,4명,2587643250
2008,306회,4 18 23 30 34 41,19,1등,5명,2102669520
2008,305회,7 8 18 21 23 39,9,1등,5명,2008210140
2008,304회,4 10 16 26 33 41,38,1등,6명,1661646150
2008,303회,2 14 17 30 38 45,43,1등,6명,1672749000
2008,302회,13 19 20 32 38 42,4,1등,2명,5472167250
2008,301회,7 11 13 33 37 43,26,1등,7명,1447385015
2008,300회,7 9 10 12 26 38,39,1등,12명,836092425
2008,299회,1 3 20 25 36 45,24,1등,7명,1483772529
2008,298회,5 9 27 29 37 40,19,1등,1명,9909778500
2008,297회,6 11 19 20 28 32,34,1등,2명,5056668750
2008,296회,3 8 15 27 30 45,44,1등,8명,3066088275
2008,295회,1 4 12 16 18 38,8,1등,0명,0
2008,294회,6 10 17 30 37 38,40,1등,4명,2406504975
2008,293회,1 9 17 21 29 33,24,1등,6명,1656764400
2008,292회,17 18 31 32 33 34,10,1등,14명,720373950
2008,291회,3 7 8 18 20 42,45,1등,7명,1450585200
2008,290회,8 13 18 32 39 45,7,1등,13명,2149214424
2008,289회,3 14 33 37 38 42,10,1등,0명,0
2008,288회,1 12 17 28 35 41,10,1등,4명,2357261550
2008,287회,6 12 24 27 35 37,41,1등,7명,1328657100
2008,286회,1 15 19 40 42 44,17,1등,3명,3236566300
2008,285회,13 33 37 40 41 45,2,1등,3명,3164370100
2008,284회,2 7 15 24 30 45,28,1등,3명,3117640300
2008,283회,6 8 18 31 38 45,42,1등,3명,3137224600
2008,282회,2 5 10 18 31 32,30,1등,7명,1322052643
2008,281회,1 3 4 6 14 41,12,1등,6명,1554683200
2008,280회,10 11 23 24 36 37,35,1등,7명,1355258529
2008,279회,7 16 31 36 37 38,11,1등,5명,1914205320
2008,278회,3 11 37 39 41 43,13,1등,3명,3186530000
2008,277회,10 12 13 15 25 29,20,1등,3명,3272627800
2008,276회,4 15 21 33 39 41,25,1등,3명,3312569000
2008,275회,14 19 20 35 38 40,26,1등,1명,10044066900
2008,274회,13 14 15 26 35 39,25,1등,4명,2505085575
2008,273회,1 8 24 31 34 44,6,1등,3명,3339543100
2008,272회,7 9 12 27 39 43,28,1등,9명,1104622800
2008,271회,3 8 9 27 29 40,36,1등,6명,1565918150
2008,270회,5 9 12 20 21 26,27,1등,5명,1927830060
2008,269회,5 18 20 36 42 43,32,1등,5명,1961399940
2008,268회,3 10 19 24 32 45,12,1등,7명,1350954515
2008,267회,7 8 24 34 36 41,1,1등,3명,3257663300
2008,266회,3 4 9 11 22 42,37,1등,3명,3207211700
2007,265회,5 9 34 37 38 39,12,1등,8명,1200838575
2007,264회,9 16 27 36 41 44,5,1등,7명,1344889200
2007,263회,1 27 28 32 37 40,18,1등,6명,1551704900
2007,262회,9 12 24 25 29 31,36,1등,2명,4518741600
2007,261회,6 11 16 18 31 43,2,1등,3명,3192299100
2007,260회,7 12 15 24 37 40,43,1등,4명,2310085575
2007,259회,4 5 14 35 42 45,34,1등,2명,4838533500
2007,258회,14 27 30 31 38 40,17,1등,4명,2426434350
2007,257회,6 13 27 31 32 37,4,1등,4명,2391377025
2007,256회,4 11 14 21 23 43,32,1등,2명,4891017000
2007,255회,1 5 6 24 27 42,32,1등,6명,1598618550
2007,254회,1 5 19 20 24 30,27,1등,1명,9741015900
2007,253회,8 19 25 31 34 36,33,1등,4명,2466189525
2007,252회,14 23 26 31 39 45,28,1등,7명,1391089715
2007,251회,6 7 19 25 28 38,45,1등,8명,1282616400
2007,250회,19 23 30 37 43 45,38,1등,5명,1994726280
2007,249회,3 8 27 31 41 44,11,1등,6명,1663568700
2007,248회,3 8 17 23 38 45,13,1등,8명,1227479363
2007,247회,12 15 28 36 39 40,13,1등,6명,1669313900
2007,246회,13 18 21 23 26 39,15,1등,5명,1911774240
2007,245회,9 11 27 31 32 38,22,1등,7명,1382583129
2007,244회,13 16 25 36 37 38,19,1등,1명,9121583100
2007,243회,2 12 17 19 28 42,34,1등,4명,2408850000
2007,242회,4 19 20 21 32 34,43,1등,8명,1234542375
2007,241회,2 16 24 27 28 35,21,1등,4명,2552016300
2007,240회,6 10 16 40 41 43,21,1등,2명,5098251450
2007,239회,11 15 24 39 41 44,7,1등,9명,1134140167
2007,238회,2 4 15 28 31 34,35,1등,9명,1121660567
2007,237회,1 11 17 21 24 44,33,1등,7명,1440630729
2007,236회,1 4 8 13 37 39,7,1등,2명,5030040150
2007,235회,21 22 26 27 31 37,8,1등,3명,3433330100
2007,234회,13 21 22 24 26 37,4,1등,4명,2519743875
2007,233회,4 6 13 17 28 40,39,1등,10명,999153750
2007,232회,8 9 10 12 24 44,35,1등,9명,1110918400
2007,231회,5 10 19 31 44 45,27,1등,9명,1088365900
2007,230회,5 11 14 29 32 33,12,1등,8명,1292929163
2007,229회,4 5 9 11 23 38,35,1등,7명,1451441100
2007,228회,17 25 35 36 39 44,23,1등,9명,1146700334
2007,227회,4 5 15 16 22 42,2,1등,2명,5253542400
2007,226회,2 6 8 14 21 22,34,1등,6명,1744100150
2007,225회,5 11 13 19 31 36,7,1등,6명,1777201800
2007,224회,4 19 26 27 30 42,7,1등,6명,1808969950
2007,223회,1 3 18 20 26 27,38,1등,7명,1498170600
2007,222회,5 7 28 29 39 43,44,1등,5명,2275193820
2007,221회,2 20 33 35 37 40,10,1등,6명,1800104250
2007,220회,5 11 19 21 34 43,31,1등,6명,1958094950
2007,219회,4 11 20 26 35 37,16,1등,9명,1208409167
2007,218회,1 8 14 18 29 44,20,1등,4명,2779075800
2007,217회,16 20 27 33 35 39,38,1등,7명,1611246172
2007,216회,7 16 17 33 36 40,1,1등,13명,848506108
2007,215회,2 3 7 15 43 44,4,1등,7명,1587689615
2007,214회,5 7 20 25 28 37,32,1등,8명,1406980875
2006,213회,2 3 4 5 20 24,42,1등,8명,1376678025
2006,212회,11 12 18 21 31 38,8,1등,4명,2660747250
2006,211회,12 13 17 20 33 41,8,1등,10명,1035800250
2006,210회,10 19 22 23 25 37,39,1등,2명,5139085950
2006,209회,2 7 18 20 24 33,37,1등,6명,1660896350
2006,208회,14 25 31 34 40 44,24,1등,6명,1760767400
2006,207회,3 11 14 31 32 37,38,1등,5명,2104673760
2006,206회,1 2 3 15 20 25,43,1등,5명,2032859340
2006,205회,1 3 21 29 35 37,30,1등,6명,1835221800
2006,204회,3 12 14 35 40 45,5,1등,8명,1358347125
2006,203회,1 3 11 24 30 32,7,1등,5명,2164564740
2006,202회,12 14 27 33 39 44,17,1등,6명,1893391700
2006,201회,3 11 24 38 39 44,26,1등,1명,9719465400
2006,200회,5 6 13 14 17 20,7,1등,8명,1344616613
2006,199회,14 21 22 25 30 36,43,1등,2명,5344252200
2006,198회,12 19 20 25 41 45,2,1등,6명,1797855050
2006,197회,7 12 16 34 42 45,4,1등,6명,1803018300
2006,196회,35 36 37 41 44 45,30,1등,15명,727876520
2006,195회,7 10 19 22 35 40,31,1등,11명,918992591
2006,194회,15 20 23 26 39 44,28,1등,4명,2650567875
2006,193회,6 14 18 26 36 39,13,1등,3명,3404449700
2006,192회,4 8 11 18 37 45,33,1등,4명,2445348375
2006,191회,5 6 24 25 32 37,8,1등,4명,2577114675
2006,190회,8 14 18 30 31 44,15,1등,6명,1784159450
2006,189회,8 14 32 35 37 45,28,1등,3명,3461775100
2006,188회,19 24 27 30 31 34,36,1등,3명,3501405200
2006,187회,1 2 8 18 29 38,42,1등,7명,1544733900
2006,186회,4 10 14 19 21 45,9,1등,9명,1187882600
2006,185회,1 2 4 8 19 38,14,1등,3명,3522485800
2006,184회,1 2 6 16 20 33,41,1등,6명,1747753050
2006,183회,2 18 24 34 40 42,5,1등,6명,1777221500
2006,182회,13 15 27 29 34 40,35,1등,3명,3721439400
2006,181회,14 21 23 32 40 45,44,1등,6명,1941763300
2006,180회,2 15 20 21 29 34,22,1등,2명,5763371550
2006,179회,5 9 17 25 39 43,32,1등,10명,1081093920
2006,178회,1 5 11 12 18 23,9,1등,5명,2254621080
2006,177회,1 10 13 16 37 43,6,1등,7명,1693285500
2006,176회,4 17 30 32 33 34,15,1등,5명,2314663080
2006,175회,19 26 28 31 33 36,17,1등,5명,2371132620
2006,174회,13 14 18 22 35 39,16,1등,7명,1771103058
2006,173회,3 9 24 30 33 34,18,1등,8명,1487736788
2006,172회,4 19 21 24 26 41,35,1등,11명,1081154073
2006,171회,4 16 25 29 34 35,1,1등,6명,1961339700
2006,170회,2 11 13 15 31 42,10,1등,6명,1923108250
2006,169회,16 27 35 37 43 45,19,1등,5명,2482888380
2006,168회,3 10 31 40 42 43,30,1등,5명,2349946920
2006,167회,24 27 28 30 36 39,4,1등,5명,2491222920
2006,166회,9 12 27 36 39 45,14,1등,11명,1111299982
2006,165회,5 13 18 19 22 42,31,1등,2명,6767426700
2006,164회,6 9 10 11 39 41,27,1등,3명,4054937900
2006,163회,7 11 26 28 29 44,16,1등,7명,1629726515
2006,162회,1 5 21 25 38 41,24,1등,5명,2308265760
2005,161회,22 34 36 40 42 45,44,1등,7명,1996876272
2005,160회,3 7 8 34 39 41,1,1등,2명,5490805350
2005,159회,1 18 30 41 42 43,32,1등,6명,1755407300
2005,158회,4 9 13 18 21 34,7,1등,10명,1069544340
2005,157회,19 26 30 33 35 39,37,1등,2명,5484903750
2005,156회,5 18 28 30 42 45,2,1등,8명,1401099900
2005,155회,16 19 20 32 33 41,4,1등,9명,1193005734
2005,154회,6 19 21 35 40 45,20,1등,4명,2836628700
2005,153회,3 8 11 12 13 36,33,1등,4명,2730526125
2005,152회,1 5 13 26 29 34,43,1등,5명,2278131840
2005,151회,1 2 10 13 18 19,15,1등,4명,2716634025
2005,150회,2 18 25 28 37 39,16,1등,4명,2831645850
2005,149회,2 11 21 34 41 42,27,1등,7명,1639052143
2005,148회,21 25 33 34 35 36,17,1등,5명,2323596420
2005,147회,4 6 13 21 40 42,36,1등,7명,1700040215
2005,146회,2 19 27 35 41 42,25,1등,2명,6043415250
2005,145회,2 3 13 20 27 44,9,1등,3명,3797838200
2005,144회,4 15 17 26 36 37,43,1등,8명,1402440413
2005,143회,26 27 28 42 43 45,8,1등,3명,3954584700
2005,142회,12 16 30 34 40 44,19,1등,11명,1018265564
2005,141회,8 12 29 31 42 43,2,1등,6명,1900552400
2005,140회,3 13 17 18 19 28,8,1등,5명,2109462840
2005,139회,9 11 15 20 28 43,13,1등,7명,1650210215
2005,138회,10 11 27 28 37 39,19,1등,5명,2227152000
2005,137회,7 9 20 25 36 39,15,1등,9명,1270403467
2005,136회,2 16 30 36 41 42,11,1등,6명,1997694150
2005,135회,6 14 22 28 35 39,16,1등,7명,1717293515
2005,134회,3 12 20 23 31 35,43,1등,5명,2349155100
2005,133회,4 7 15 18 23 26,13,1등,8명,1450242600
2005,132회,3 17 23 34 41 45,43,1등,4명,2920473525
2005,131회,8 10 11 14 15 21,37,1등,8명,1451214488
2005,130회,7 19 24 27 42 45,31,1등,4명,3036496650
2005,129회,19 23 25 28 38 42,17,1등,11명,1093629655
2005,128회,12 30 34 36 37 45,39,1등,6명,2064043100
2005,127회,3 5 10 29 32 43,35,1등,6명,1965939150
2005,126회,7 20 22 27 40 43,1,1등,9명,1369301500
2005,125회,2 8 32 33 35 36,18,1등,7명,1754870786
2005,124회,4 16 23 25 29 42,1,1등,9명,1395936267
2005,123회,7 17 18 28 30 45,27,1등,5명,2532982680
2005,122회,1 11 16 17 36 40,8,1등,9명,1450073800
2005,121회,12 28 30 34 38 43,9,1등,2명,6839648100
2005,120회,4 6 10 11 32 37,30,1등,3명,4364530300
2005,119회,3 11 13 14 17 21,38,1등,9명,1474899400
2005,118회,3 4 10 17 19 22,38,1등,10명,1297989720
2005,117회,5 10 22 34 36 44,35,1등,9명,1558378334
2005,116회,2 4 25 31 34 37,17,1등,7명,1997747315
2005,115회,1 2 6 9 25 28,31,1등,9명,1488589567
2005,114회,11 14 19 26 28 41,2,1등,6명,2362345050
2005,113회,4 9 28 33 36 45,26,1등,9명,1561528934
2005,112회,26 29 30 33 41 42,43,1등,9명,1567271167
2005,111회,7 18 31 33 36 40,27,1등,6명,2199047450
2005,110회,7 20 22 23 29 43,1,1등,3명,4566262000
2005,109회,1 5 34 36 42 44,33,1등,12명,1246838200
2004,108회,7 18 22 23 29 44,12,1등,7명,1998900772
2004,107회,1 4 5 6 9 31,17,1등,2명,6679927800
2004,106회,4 10 12 22 24 33,29,1등,16명,810461157
2004,105회,8 10 20 34 41 45,28,1등,4명,3416781450
2004,104회,17 32 33 34 42 44,35,1등,2명,6610743750
2004,103회,5 14 15 27 30 45,10,1등,8명,1691589563
2004,102회,17 22 24 26 35 40,42,1등,9명,1457153067
2004,101회,1 3 17 32 35 45,8,1등,5명,2707297500
2004,100회,1 7 11 23 37 42,6,1등,4명,3315315525
2004,99회,1 3 10 27 29 37,11,1등,6명,2169219050
2004,98회,6 9 16 23 24 32,43,1등,4명,3177972300
2004,97회,6 7 14 15 20 36,3,1등,9명,1496214000
2004,96회,1 3 8 21 22 31,20,1등,7명,1847133515
2004,95회,8 17 27 31 34 43,14,1등,8명,1747741238
2004,94회,5 32 34 40 41 45,6,1등,6명,2245339950
2004,93회,6 22 24 36 38 44,19,1등,6명,2269178150
2004,92회,3 14 24 33 35 36,17,1등,11명,1233270846
2004,91회,1 21 24 26 29 42,27,1등,4명,3582902400
2004,90회,17 20 29 35 38 44,10,1등,4명,3291435300
2004,89회,4 26 28 29 33 40,37,1등,3명,4248321900
2004,88회,1 17 20 24 30 41,27,1등,4명,3069709650
2004,87회,4 12 16 23 34 43,26,1등,11명,1799358055
2004,86회,2 12 37 39 41 45,33,1등,1명,14252186400
2004,85회,6 8 13 23 31 36,21,1등,4명,3462109800
2004,84회,16 23 27 34 42 45,11,1등,2명,7669779000
2004,83회,6 10 15 17 19 34,14,1등,2명,7086948300
2004,82회,1 2 3 14 27 42,39,1등,1명,14562494400
2004,81회,5 7 11 13 20 33,6,1등,5명,2714288880
2004,80회,17 18 24 25 26 30,1,1등,1명,13809540000
2004,79회,3 12 24 27 30 32,14,1등,4명,3416443800
2004,78회,10 13 25 29 33 35,38,1등,4명,3519850000
2004,77회,2 18 29 32 43 44,37,1등,3명,5155758600
2004,76회,1 3 15 22 25 37,43,1등,2명,7451022600
2004,75회,2 5 24 32 34 44,28,1등,4명,3914616900
2004,74회,6 15 17 18 35 40,23,1등,3명,5284949800
2004,73회,3 12 18 32 40 43,38,1등,6명,2766662100
2004,72회,2 4 11 17 26 27,1,1등,13명,3260524600
2004,71회,5 9 12 16 29 41,21,1등,0명,0
2004,70회,5 19 22 25 28 43,26,1등,3명,5031277800
2004,69회,5 8 14 15 19 39,35,1등,3명,4962712200
2004,68회,10 12 15 16 26 39,38,1등,5명,2945882100
2004,67회,3 7 10 15 36 38,33,1등,7명,2114436500
2004,66회,2 3 7 17 22 24,45,1등,4명,3685138200
2004,65회,4 25 33 36 40 43,39,1등,4명,3727945800
2004,64회,14 15 18 21 26 36,39,1등,4명,3899818000
2004,63회,3 20 23 36 38 40,5,1등,2명,7922245500
2004,62회,3 8 15 27 29 35,21,1등,1명,15817286400
2004,61회,14 15 19 30 38 43,8,1등,5명,3541038800
2004,60회,2 8 25 36 39 42,11,1등,7명,2172504600
2004,59회,6 29 36 39 41 45,13,1등,4명,4127587300
2004,58회,10 24 25 33 40 44,1,1등,4명,3676429200
2004,57회,7 10 16 25 29 44,6,1등,4명,4114411900
2003,56회,10 14 30 31 33 37,19,1등,4명,3777570900
2003,55회,17 21 31 37 40 44,7,1등,2명,7088799600
2003,54회,1 8 21 27 36 39,37,1등,3명,5148626600
2003,53회,7 8 14 32 33 39,42,1등,3명,5014371000
2003,52회,2 4 15 16 20 29,1,1등,4명,3900844900
2003,51회,2 3 11 16 26 44,35,1등,6명,2421117000
2003,50회,2 10 12 15 22 44,1,1등,3명,5227061400
2003,49회,4 7 16 19 33 40,30,1등,7명,1967504600
2003,48회,6 10 18 26 37 38,3,1등,6명,2415673600
2003,47회,14 17 26 31 36 45,27,1등,5명,3250042400
2003,46회,8 13 15 23 31 38,39,1등,3명,5327758800
2003,45회,1 10 20 27 33 35,17,1등,2명,8356417800
2003,44회,3 11 21 30 38 45,39,1등,5명,3362155800
2003,43회,6 31 35 38 39 44,1,1등,1명,17749630800
2003,42회,17 18 19 21 23 32,1,1등,6명,6899280100
2003,41회,13 20 23 35 38 43,34,1등,0명,0
2003,40회,7 13 18 19 25 26,6,1등,13명,1147652400
2003,39회,6 7 13 15 21 43,8,1등,6명,2623748800
2003,38회,16 17 22 30 37 43,36,1등,3명,5374866400
2003,37회,7 27 30 33 35 37,42,1등,3명,4985999400
2003,36회,1 10 23 26 28 40,31,1등,1명,16014475800
2003,35회,2 3 11 26 37 43,39,1등,3명,5054598200
2003,34회,9 26 35 37 40 42,2,1등,5명,3056918000
2003,33회,4 7 32 33 40 41,9,1등,1명,14903517600
2003,32회,6 14 19 25 34 44,11,1등,10명,1634528300
2003,31회,7 9 18 23 28 35,32,1등,2명,8106672900
2003,30회,8 17 20 35 36 44,4,1등,2명,8728555500
2003,29회,1 5 13 34 39 40,11,1등,5명,3552594000
2003,28회,9 18 23 25 35 37,1,1등,10명,1700361100
2003,27회,1 20 26 28 37 43,27,1등,2명,9543982500
2003,26회,4 5 7 18 20 25,31,1등,5명,3495069900
2003,25회,2 4 21 26 43 44,16,1등,2명,24227745300
2003,24회,7 8 27 29 36 43,6,1등,0명,0
2003,23회,5 13 17 18 33 42,44,1등,4명,4317947700
2003,22회,4 5 6 8 17 39,25,1등,4명,4552194900
2003,21회,6 12 17 18 31 32,21,1등,23명,797475400
2003,20회,10 14 18 20 23 30,41,1등,1명,19352212800
2003,19회,6 30 38 39 40 43,26,1등,1명,40722959400
2003,18회,3 12 13 19 32 35,29,1등,0명,0
2003,17회,3 4 9 17 32 37,1,1등,3명,5349491200
2003,16회,6 7 24 37 38 40,33,1등,4명,4377146100
2003,15회,3 4 16 30 31 37,13,1등,1명,17014245000
2003,14회,2 6 12 31 33 40,15,1등,4명,9375048300
2003,13회,22 23 25 37 38 42,26,1등,0명,0
2003,12회,2 11 21 25 39 45,44,1등,12명,1348845700
2003,11회,1 7 36 37 41 42,14,1등,5명,4780152300
2003,10회,9 25 30 33 41 44,6,1등,13명,6430437900
2003,9회,2 4 16 17 36 39,14,1등,0명,0
2003,8회,8 19 25 34 37 39,9,1등,0명,0
2003,7회,2 9 16 25 26 40,42,1등,0명,0
2003,6회,14 15 26 27 40 42,34,1등,1명,6574451700
2003,5회,16 24 29 40 41 42,3,1등,0명,0
2002,4회,14 27 30 31 40 42,2,1등,0명,0
2002,3회,11 16 19 21 27 31,30,1등,1명,2000000000
2002,2회,9 13 21 25 32 42,2,1등,1명,2002006800
2002,1회,10 23 29 33 37 40,16,1등,0명,0